{"type":"FeatureCollection","features":[{"type":"Feature","properties":{"name":"Andaman and Nicobar","type":"Union Territor"},"geometry":{"type":"MultiPolygon","coordinates":[[],[],[[[93.84805297851591,7.240280151367472],[93.947807312012,6.998874187469653],[93.91390228271501,7],[93.94550323486357,6.955830097198486],[93.89722442626959,6.902155876159725],[93.90213775634771,6.812966823577938],[93.8509063720706,6.816051006317196],[93.82831573486334,6.754255771636963],[93.7452774047851,6.961945056915397],[93.66303253173857,7.006646156311092],[93.65556335449224,7.125280857086238],[93.6861114501956,7.190000057220573],[93.84805297851591,7.240280151367472]]],[],[],[],[],[[[93.71305847167986,7.443611145019815],[93.75574493408232,7.359842777252481],[93.64833068847685,7.242499828338737],[93.6324996948245,7.37055492401123],[93.71389007568365,7.392778873443831],[93.71305847167986,7.443611145019815]]],[],[],[],[],[],[[[93.37999725341825,8.02472209930437],[93.46499633789068,7.930000782012939],[93.46166992187517,7.872221946716252],[93.42250061035185,7.907223224639893],[93.35639190673845,7.888889789581299],[93.35805511474638,7.941665172577132],[93.31722259521513,7.933610916137923],[93.3266677856447,8.0024995803833],[93.37999725341825,8.02472209930437]]],[[[93.54728698730463,8.028052330017033],[93.5774993896485,7.928332805633545],[93.50723266601557,7.984721183776855],[93.54728698730463,8.028052330017033]]],[],[[[93.52648925781278,8.231270790100098],[93.54528045654303,8.19778060913086],[93.5030517578125,8.148180007934627],[93.550277709961,8.036110877990666],[93.50083160400396,7.997219085693644],[93.48527526855497,8.044443130493221],[93.52986145019537,8.078680038452205],[93.48500061035162,8.051943778991813],[93.4538879394533,8.173610687256087],[93.52648925781278,8.231270790100098]]],[],[[[93.12627410888678,8.355863571167106],[93.12638854980486,8.276388168334961],[93.19944763183611,8.193890571594522],[93.08721923828153,8.26944446563732],[93.12627410888678,8.355863571167106]]],[],[],[],[],[],[],[],[],[],[],[[[92.7877807617187,9.2441663742066],[92.8243026733399,9.195841789245776],[92.85436248779297,9.20915889740013],[92.83055114746111,9.138694763183707],[92.73166656494169,9.124377250671614],[92.72083282470697,9.213609695434798],[92.7877807617187,9.2441663742066]]],[[[92.51583099365251,10.8976411819458],[92.5877075195312,10.786945343017521],[92.59677886962896,10.678325653076229],[92.53979492187528,10.610555648803825],[92.56944274902361,10.578889846801985],[92.51305389404303,10.511667251586857],[92.38527679443371,10.532221794128475],[92.42056274414074,10.61472034454357],[92.38027954101568,10.667499542236612],[92.37611389160162,10.78166675567627],[92.39749908447294,10.760555267334041],[92.51583099365251,10.8976411819458]]],[],[],[],[],[],[],[],[],[],[],[],[],[],[],[[[92.64145660400419,11.51014041900629],[92.68579101562517,11.43661117553728],[92.64934539794939,11.407247543335075],[92.6908721923831,11.370340347290153],[92.60029602050776,11.34652137756342],[92.58710479736357,11.400479316711653],[92.62294769287138,11.405331611633244],[92.64145660400419,11.51014041900629]]],[],[],[],[],[],[],[],[],[],[],[[[92.2189331054688,11.5923233032226],[92.27072906494158,11.584091186523551],[92.26982879638678,11.522506713867301],[92.21454620361334,11.529451370239428],[92.2189331054688,11.5923233032226]]],[[[92.5397567749024,11.603320121765137],[92.5693969726562,11.588421821594352],[92.53018188476568,11.554126739501953],[92.5397567749024,11.603320121765137]]],[],[],[],[],[],[[[93.02083587646513,11.843331336975211],[93.07221984863298,11.835561752319393],[93.04998779296886,11.81222057342535],[93.02083587646513,11.843331336975211]]],[],[],[],[],[],[],[],[],[[[92.969535827637,12.03367996215843],[93.00945281982439,12.018891334533691],[93.04267120361328,11.882261276245117],[92.92553710937517,11.995789527893066],[92.969535827637,12.03367996215843]]],[],[[[92.99136352539062,12.108927726745776],[92.99277496337919,12.0436172485351],[92.95960998535185,12.106483459472713],[92.99136352539062,12.108927726745776]]],[],[],[],[],[],[],[],[],[[[93.02777862548845,12.156941413879622],[93.04552459716814,12.045370101928768],[92.95560455322294,12.142191886901912],[93.00416564941412,12.11333370208746],[93.02777862548845,12.156941413879622]]],[],[],[],[[[93.06860351562517,12.211334228515625],[93.0746459960937,12.083629608154297],[93.03718566894537,12.13336086273199],[93.06860351562517,12.211334228515625]]],[],[],[],[[[92.70086669921892,12.235609054565543],[92.70371246337908,12.165430068969954],[92.75749969482439,12.176390647888184],[92.7352752685548,12.065278053283748],[92.78360748291033,12.046939849853459],[92.739242553711,12.040917396545694],[92.76875305175798,11.999039649963379],[92.72808074951166,11.994791030883903],[92.72442626953153,11.850858688354549],[92.68007659912126,11.81857967376709],[92.71819305419939,11.824522018432674],[92.74625396728533,11.9318208694458],[92.78449249267607,11.936051368713322],[92.78855133056635,11.90121936798107],[92.75507354736334,11.701055526733398],[92.70189666748058,11.70713043212902],[92.70819854736357,11.67011928558344],[92.66620635986334,11.653901100158748],[92.69457244873064,11.62272930145258],[92.72145843505876,11.686320304870833],[92.75665283203153,11.665070533752441],[92.71128082275419,11.477317810058537],[92.64688873291033,11.52202129364008],[92.64727020263689,11.5723628997805],[92.61785888671892,11.562820434570312],[92.60823059082037,11.619721412658748],[92.64438629150408,11.636289596557901],[92.60839843750006,11.634029388427905],[92.58813476562517,11.7178831100465],[92.56156158447294,11.694849967956713],[92.54640197753912,11.834946632385368],[92.51351928710938,11.848000526428223],[92.5624008178711,11.94647407531744],[92.6110458374024,11.871259689331112],[92.62361145019548,12.102781295776424],[92.70086669921892,12.235609054565543]]],[[[92.73061370849626,12.242453575134334],[92.76367950439459,12.18218040466337],[92.72344207763678,12.188841819763411],[92.73061370849626,12.242453575134334]]],[],[],[],[],[[[93.07777404785162,12.261944770813159],[93.1059875488283,12.260204315185717],[93.10074615478544,12.2039413452149],[93.06333160400396,12.229166030883846],[93.07777404785162,12.261944770813159]]],[],[],[],[],[],[],[],[],[],[],[],[[[92.94139862060553,12.280801773071289],[92.92208862304705,12.230951309204045],[92.90146636962885,12.288221359253214],[92.93444824218778,12.31056118011503],[92.94139862060553,12.280801773071289]]],[[[92.77657318115251,12.310280799865666],[92.86637878417969,12.305610656738338],[92.8893127441408,12.265941619873047],[92.85888671875028,12.245830535888956],[92.88050842285173,12.195137023926009],[92.84660339355474,12.197680473327864],[92.76467895507841,12.063320159912223],[92.7391662597658,12.094750404357853],[92.76986694335938,12.236851692199934],[92.74228668212896,12.245539665222168],[92.77657318115251,12.310280799865666]]],[],[[[93.8396987915039,12.320819854736442],[93.88069915771479,12.236641883850211],[93.86250305175787,12.266042709350813],[93.83200836181669,12.241241455078125],[93.85020446777361,12.269442558288631],[93.82668304443388,12.244859695434684],[93.8396987915039,12.320819854736442]]],[],[],[],[],[[[92.85290527343756,12.408830642700423],[92.88878631591803,12.407600402832031],[92.88398742675787,12.374155998230037],[92.85290527343756,12.408830642700423]]],[],[],[],[],[],[],[],[],[],[],[],[],[],[],[],[],[],[],[],[],[],[],[],[],[],[],[],[],[],[],[],[],[],[],[[[92.8988876342774,12.915830612182617],[92.98051452636724,12.709729194641397],[92.96842193603516,12.496668815612736],[92.91452789306646,12.405893325805664],[92.83467864990263,12.494780540466536],[92.89901733398455,12.415629386902026],[92.79650878906278,12.437959671020508],[92.7910995483399,12.469721794128475],[92.89511871337919,12.320344924926815],[92.72043609619169,12.300310134887752],[92.68448638916021,12.608140945434798],[92.75332641601562,12.67078113555931],[92.78543090820318,12.61924743652338],[92.78864288330084,12.674480438232592],[92.77915954589872,12.713100433349837],[92.73288726806658,12.674410820007438],[92.72391510009783,12.827083587646484],[92.76083374023449,12.859444618225098],[92.78221893310575,12.807498931884822],[92.79190826416021,12.889854431152628],[92.87354278564459,12.881160736084041],[92.8988876342774,12.915830612182617]]],[],[],[],[],[],[],[],[[[92.69565582275385,12.991958618164233],[92.7214965820313,12.888344764709757],[92.66815948486357,12.782571792602482],[92.66316223144537,12.879141807556437],[92.62988281250017,12.882731437683049],[92.66454315185575,12.880599975585938],[92.63687133789091,12.919539451599348],[92.67012023925798,12.918037414551009],[92.69565582275385,12.991958618164233]]],[[[93.00673675537138,12.996899604797363],[92.98282623291021,12.934480667114315],[92.9519500732423,12.940539360046557],[92.95974731445318,12.988911628723201],[93.00673675537138,12.996899604797363]]],[],[],[],[],[],[],[],[],[],[],[],[],[],[],[],[],[],[],[],[],[],[],[],[],[],[],[],[],[],[],[],[],[],[[[93.02944183349604,13.573333740234375],[93.02111053466814,13.431120872497615],[93.07083129882807,13.406109809875602],[93.02828979492216,13.373181343078613],[93.09059143066412,13.335932731628588],[93.06583404541044,13.303055763244572],[93.04166412353516,13.367220878601074],[92.95053863525408,13.34390068054222],[93.06667327880876,13.272500038147086],[93.03488159179693,13.0809907913208],[92.97461700439459,13.012861251831168],[92.93667602539068,13.084712982177848],[92.89430999755865,13.056530952453556],[92.93852233886736,12.971276283264388],[92.91268157959013,12.946451187133789],[92.88230133056646,12.982724189758244],[92.87293243408209,12.883230209350586],[92.84171295166044,12.876629829406852],[92.79419708251959,12.914381980896053],[92.82506561279303,13.012707710266113],[92.78833007812528,13.019171714782829],[92.8099975585938,13.126929283142204],[92.84749603271484,13.139159202575627],[92.80972290039057,13.153055191040266],[92.85443878173834,13.257221221923828],[92.82250213623041,13.277221679687557],[92.86694335937494,13.38556098938011],[92.84306335449247,13.402221679687443],[92.92944335937511,13.501667022705192],[92.91750335693376,13.536390304565714],[92.98889160156256,13.527776718139876],[92.987777709961,13.57306098937994],[93.0101165771485,13.541959762573356],[93.02944183349604,13.573333740234375]]],[],[],[],[[[93.0158309936524,13.67611217498785],[93.02777862548845,13.626939773559513],[92.97666931152361,13.654999732971191],[93.0158309936524,13.67611217498785]]],[],[],[],[],[],[],[],[],[],[],[],[]]}},{"type":"Feature","properties":{"name":"Andhra Pradesh","type":"State"},"geometry":{"type":"MultiPolygon","coordinates":[[],[],[],[],[],[],[],[[[80.14902496337896,13.618473052978516],[80.1418075561524,13.544860839843864],[80.1265258789063,13.584859848022575],[80.15819549560553,13.590972900390682],[80.12041473388678,13.605693817138672],[80.14902496337896,13.618473052978516]]],[],[],[],[],[],[],[],[],[],[],[],[],[],[],[],[],[],[],[[[82.33207702636713,16.72486114501953],[82.33625030517607,16.691249847412337],[82.36818695068376,16.722919464111555],[82.31069183349638,16.602359771728572],[82.2587509155274,16.690111160278434],[82.33207702636713,16.72486114501953]]],[],[],[],[],[[[82.29951477050798,16.71433258056635],[82.29370117187528,16.74304008483898],[82.2204208374024,16.718309402465877],[82.2176818847658,16.7516899108889],[82.17463684082037,16.72510910034174],[82.25846862792969,16.689861297607422],[82.29235839843778,16.608749389648494],[82.25986480712896,16.586805343627987],[82.29957580566412,16.591810226440543],[82.26791381835943,16.564027786255167],[82.30986022949224,16.56764030456543],[81.94458007812506,16.39513969421398],[81.72041320800781,16.31014060974121],[81.36513519287115,16.359859466552905],[81.34570312500006,16.33069038391136],[81.3926391601563,16.342082977295036],[81.230972290039,16.235139846801985],[81.14569091796903,15.973750114441032],[81.00430297851568,15.840419769287394],[81.01208496093756,15.770138740539721],[80.96680450439447,15.731805801391829],[80.82208251953142,15.712916374206543],[80.78069305419939,15.780420303344954],[80.81346893310564,15.739582061767521],[80.80541992187528,15.842639923095703],[80.68681335449219,15.882640838623217],[80.43096923828136,15.80570030212408],[80.27041625976591,15.673195838928223],[80.20069122314459,15.465415954590014],[80.07986450195341,15.315973281860352],[80.04792022705084,15.077349662780762],[80.08875274658209,14.811532020568961],[80.0593032836914,14.819860458374137],[80.19902801513678,14.587082862853947],[80.12208557128923,14.114583969116211],[80.24485778808622,13.81958389282238],[80.23625183105497,13.639860153198242],[80.31513977050787,13.43375110626232],[80.14708709716797,13.724310874939079],[80.13847351074236,13.612915992737044],[80.10679626464844,13.709309577941951],[80.05095672607422,13.588191986084212],[80.11541748046892,13.507640838623047],[80.2620925903322,13.472920417785815],[80.26847076416044,13.41736221313488],[80.3129959106447,13.42791557312006],[80.31212615966803,13.369380950927734],[80.23033142089872,13.476849555969295],[80.00771331787115,13.53237247467041],[79.9901733398438,13.510090827941838],[80.0360412597658,13.484479904175032],[79.96186065673845,13.451279640197754],[79.92550659179693,13.33594036102295],[79.72129058837919,13.272239685058821],[79.784896850586,13.223480224609489],[79.74437713623041,13.194911003112907],[79.68875122070312,13.207409858703556],[79.66853332519531,13.281930923461914],[79.5802612304688,13.245370864868221],[79.53578186035156,13.311070442199934],[79.42887878417997,13.32356166839611],[79.37460327148455,13.303039550781193],[79.42502593994146,13.281340599060115],[79.42378997802751,13.187460899353027],[79.34777069091803,13.163019180297908],[79.3079376220706,13.09691143035883],[79.21832275390653,13.135551452636832],[79.15270233154325,13.007292747497615],[78.97959136962908,13.076510429382267],[78.91438293457037,13.067761421203727],[78.89346313476574,13.035092353820858],[78.92463684082048,13.01864147186285],[78.88191986084001,13.019762039184627],[78.8760375976563,13.086159706115836],[78.70244598388689,13.056151390075797],[78.69375610351574,13.004391670227108],[78.65110778808594,13.0179319381715],[78.61366271972685,12.978890419006404],[78.64671325683594,12.919019699096793],[78.54767608642607,12.685590744018555],[78.48435211181669,12.734781265258846],[78.50981140136736,12.69878005981451],[78.45478057861357,12.612019538879451],[78.36833953857428,12.611840248107853],[78.26442718505888,12.691840171814079],[78.18984985351591,12.68130970001232],[78.22886657714844,12.720202445984],[78.24109649658209,12.847420692443848],[78.30310058593756,12.847200393676871],[78.34542846679693,12.928060531616211],[78.43582916259771,12.90067005157482],[78.45423889160185,12.853161811828727],[78.42265319824219,12.968600273132324],[78.45790100097673,12.963241577148665],[78.4515762329101,13.031532287597884],[78.56907653808588,13.156482696533203],[78.54094696044928,13.187251091003475],[78.57746887207026,13.262049674987907],[78.55565643310553,13.299429893493652],[78.52079772949247,13.255591392517147],[78.4717483520509,13.30792045593273],[78.36699676513678,13.320039749145621],[78.39737701416044,13.332331657409668],[78.35515594482428,13.355071067810002],[78.39076232910173,13.57810020446783],[78.2276916503908,13.587221145629996],[78.18327331542986,13.556380271911678],[78.19393920898455,13.616159439086971],[78.15576171875,13.648710250854549],[78.08072662353521,13.635340690612907],[78.05834197998064,13.666970252990666],[78.10537719726591,13.684400558471793],[78.1060409545899,13.853541374206657],[78.04115295410173,13.886729240417594],[78.03782653808605,13.852849960327262],[77.98516082763678,13.861669540405273],[77.94458007812528,13.81997108459467],[77.97857666015625,13.947650909423828],[77.91160583496088,13.89724063873291],[77.81829071044933,13.934881210327092],[77.82772064209001,13.86061954498291],[77.71286010742182,13.790519714355582],[77.70874786376959,13.732739448547363],[77.64908599853521,13.77583980560297],[77.61046600341814,13.755439758300895],[77.62851715087919,13.729941368103027],[77.51966857910156,13.743849754333496],[77.52152252197294,13.687870025634766],[77.44975280761724,13.675790786743164],[77.4574508666995,13.797050476074219],[77.40866088867188,13.799251556396484],[77.42453002929705,13.83512973785406],[77.25044250488287,13.839470863342285],[77.23384094238287,13.894931793213004],[77.17880249023432,13.859840393066406],[77.17703247070324,13.91740036010765],[77.16249084472662,13.856980323791504],[77.12388610839844,13.849390029907227],[77.1665802001956,13.754669189453239],[77.06004333496094,13.738861083984318],[77.02636718750028,13.771441459655819],[76.99259185791027,13.742550849914664],[76.96839141845732,13.814390182495117],[77.03584289550787,13.925591468811149],[76.93109893798845,14.022731781005973],[76.97500610351568,14.06527042388916],[76.89142608642595,14.1589994430542],[77.01982879638678,14.172701835632324],[77.02369689941435,14.05325889587408],[77.12110137939459,14.042180061340389],[77.14733886718744,13.991621971130371],[77.31349182128923,14.024820327758732],[77.35378265380865,13.982320785522518],[77.3483428955081,13.896540641784668],[77.39705657959001,13.880540847778548],[77.4306411743164,13.968779563904036],[77.37565612792969,13.969111442566032],[77.3833618164063,14.00735855102539],[77.32618713378918,14.022939682006893],[77.39544677734403,14.10344123840332],[77.344535827637,14.0960111618042],[77.34773254394537,14.12434101104742],[77.40972137451178,14.169719696044979],[77.50044250488298,14.150960922241325],[77.49936676025396,14.260510444641113],[77.38565826416021,14.324870109558049],[77.41570281982416,14.21196174621582],[77.38378906250011,14.191821098327694],[77.35926055908203,14.269330024719466],[77.27958679199224,14.276089668273869],[77.28114318847662,14.331110954284782],[77.15215301513689,14.337740898132381],[77.10507965087896,14.213281631469727],[76.93784332275396,14.240120887756461],[76.9501113891601,14.2940292358399],[76.87909698486334,14.346389770507812],[76.88314056396513,14.390291213989258],[76.94156646728533,14.399541854858398],[76.97339630126953,14.478281021118221],[76.87020111083979,14.468440055847282],[76.76091003417963,14.596281051635799],[76.7803497314456,14.779261589050293],[76.8487396240235,14.80403137207054],[76.86547851562517,14.937600135803336],[76.76377105712885,14.969869613647461],[76.77082061767572,15.058288574218807],[76.79693603515653,15.09076023101818],[76.87670135498047,15.028678894042969],[77.07881927490263,15.000009536743278],[77.15403747558611,15.120520591735783],[77.15815734863293,15.193819999694938],[77.12090301513678,15.22124099731451],[77.16414642334001,15.259070396423397],[77.10968780517584,15.327281951904354],[77.06157684326178,15.321860313415584],[76.97039031982439,15.490921974182243],[77.02659606933588,15.499990463256893],[77.02928161621094,15.63383865356451],[77.12092590332037,15.637201309204329],[77.04322814941423,15.734481811523551],[77.06388854980474,15.823169708251953],[77.02227020263689,15.831780433654899],[77.06595611572266,15.899311065673885],[77.24891662597662,15.957740783691406],[77.50945281982428,15.920860290527287],[77.48755645751964,16.249820709228516],[77.59030151367193,16.286851882934798],[77.59160614013689,16.33751106262207],[77.34294891357428,16.379720687866154],[77.23517608642584,16.468080520629996],[77.3662872314456,16.484109878540153],[77.4153213500976,16.517829895019645],[77.39144134521513,16.565200805664062],[77.46417236328142,16.584209442138672],[77.46939086914068,16.646911621093977],[77.41657257080084,16.66281127929699],[77.46504211425793,16.678281784057617],[77.46679687500028,16.711940765380803],[77.42341613769537,16.71453094482422],[77.43753814697271,16.78321075439453],[77.47113800048834,16.779130935669173],[77.45339965820318,16.909032821655273],[77.49938964843778,17.00732040405279],[77.46263885498047,17.104070663452205],[77.35999298095732,17.16162109375],[77.38035583496105,17.219770431518555],[77.45450592041021,17.27589035034191],[77.45159912109392,17.37049102783203],[77.52802276611357,17.372110366821346],[77.51014709472673,17.42725944519043],[77.68696594238298,17.491569519042912],[77.58982849121122,17.562759399414062],[77.52742004394543,17.573221206665153],[77.50161743164068,17.54088020324707],[77.43992614746088,17.581470489502067],[77.45034790039068,17.691299438476562],[77.56202697753923,17.747110366821516],[77.5108795166015,17.801441192626953],[77.65339660644548,17.969352722167912],[77.54574584960966,18.053760528564396],[77.59745788574247,18.084289550781477],[77.56430816650408,18.20055007934576],[77.60301971435547,18.277999877929688],[77.51950073242205,18.34925270080572],[77.55520629882818,18.417852401733455],[77.52848052978533,18.440481185913086],[77.58521270751964,18.445449829101562],[77.54619598388689,18.463382720947322],[77.60106658935575,18.474210739135742],[77.59726715087919,18.54754066467285],[77.7365112304687,18.554809570312557],[77.72811126709013,18.66420936584484],[77.75762939453136,18.707090377807617],[77.78643798828136,18.684120178222713],[77.83746337890642,18.807460784912337],[77.94255065917986,18.822290420532454],[77.75739288330084,19.028551101684513],[77.80265045166027,19.10196113586437],[77.84813690185564,19.090080261230582],[77.84654998779325,19.196979522705192],[77.90570831298828,19.26721954345726],[77.8608779907226,19.302129745483512],[77.94892120361334,19.341279983520735],[78.0511322021485,19.241760253906193],[78.1700592041015,19.236330032348633],[78.18216705322271,19.411769866943473],[78.308891296387,19.456409454345817],[78.27910614013683,19.558200836181697],[78.3109893798831,19.60417938232422],[78.26972198486334,19.66312980651861],[78.3452758789063,19.713569641113338],[78.3677368164063,19.781080245971793],[78.2941284179688,19.849550247192383],[78.31019592285168,19.91274070739746],[78.49391937255854,19.793149948120117],[78.60365295410173,19.817501068115234],[78.84562683105497,19.758350372314396],[78.8588027954101,19.656311035156307],[78.9689559936524,19.649232864379883],[78.95455169677729,19.551830291748047],[79.1028671264649,19.527950286865178],[79.17778778076178,19.460691452026367],[79.22293853759783,19.46779060363781],[79.24386596679716,19.612552642822493],[79.4704208374024,19.49745178222662],[79.54265594482428,19.54852294921875],[79.59805297851591,19.503770828247127],[79.62139129638689,19.56509971618675],[79.74032592773449,19.60313987731928],[79.81109619140653,19.57384109497076],[79.97305297851591,19.401020050049055],[79.92016601562506,19.226409912109602],[79.94320678710943,19.170600891113224],[79.85804748535185,19.104110717773438],[79.85958862304682,19.034629821777344],[79.93448638916027,19.02169990539545],[79.90909576416021,18.80669021606468],[80.11081695556658,18.676189422607422],[80.26753997802763,18.71796989440918],[80.34184265136724,18.586441040039062],[80.48346710205107,18.628120422363395],[80.63268280029314,18.518840789794922],[80.7265396118164,18.40899085998541],[80.7881164550783,18.25403976440424],[80.73326873779303,18.218790054321346],[80.7345581054688,18.17171287536621],[80.79792785644537,18.16629981994629],[80.82958984375006,18.23411941528326],[80.86749267578125,18.207258224487532],[80.8620223999024,18.132669448852482],[80.97367858886719,18.168149948120174],[80.94399261474615,18.081020355224723],[81.04522705078142,17.783990859985465],[81.15956878662115,17.852630615234318],[81.26336669921903,17.81046295166027],[81.61115264892595,17.81536293029785],[81.66306304931646,17.876930236816463],[81.7031707763673,17.861129760742415],[82.02465820312517,18.057880401611385],[82.16034698486334,18.043598175048942],[82.26107788085949,17.98240089416504],[82.2669525146485,18.048271179199332],[82.32977294921903,18.040410995483512],[82.33336639404308,18.142379760742188],[82.36429595947294,18.134859085083065],[82.30609893798857,18.195659637451115],[82.39301300048834,18.306440353393782],[82.33444213867193,18.3171329498291],[82.38442993164068,18.36911010742199],[82.36128997802751,18.40991020202631],[82.47400665283203,18.5368328094483],[82.55377197265642,18.43765068054205],[82.53515625000011,18.389560699463118],[82.60050964355469,18.368709564208984],[82.58074188232433,18.270099639892578],[82.62687683105474,18.22874069213873],[82.65883636474626,18.286609649658317],[82.7670516967774,18.331079483032227],[82.79917144775419,18.439401626586914],[82.88461303710966,18.412759780883846],[82.90274810791044,18.35591125488287],[83.0533905029298,18.375299453735295],[83.05982971191412,18.428632736206055],[83.01541137695318,18.444429397583065],[83.08933258056658,18.537910461425895],[83.03247833251953,18.547889709472656],[83.05394744873053,18.58646965026861],[83.00804138183588,18.588420867919922],[83.00968170166021,18.63652992248541],[83.13295745849638,18.772449493408146],[83.20506286621122,18.715860366821516],[83.21939086914062,18.765819549560547],[83.3963012695313,18.83070945739746],[83.4113388061524,18.859340667724837],[83.34661102294922,18.926870346069336],[83.38022613525408,18.92328262329113],[83.34575653076178,18.957099914550838],[83.32901000976591,18.91690826416027],[83.30526733398455,18.989681243896598],[83.40885162353521,18.996191024780387],[83.45548248291044,18.945579528808594],[83.45939636230474,19.06967163085949],[83.50538635253912,19.06477165222168],[83.49539947509783,19.01109123229992],[83.53138732910185,19.00542068481451],[83.62328338623053,19.15363121032715],[83.7458267211914,18.918172836303825],[83.78006744384771,18.90772056579584],[83.73956298828142,18.97844123840332],[83.78830718994169,19.00781059265148],[83.87017822265625,18.818429946899414],[84.0270614624024,18.80220031738287],[84.08177947998053,18.744640350341797],[84.31249237060547,18.779190063476676],[84.3360214233399,18.866710662841797],[84.36241149902372,18.851060867309627],[84.36531829833979,18.896259307861328],[84.42938995361357,18.913682937622184],[84.41513061523455,19.013860702514705],[84.47165679931646,18.981220245361555],[84.56613922119169,19.065038681030387],[84.59011840820318,19.013380050659293],[84.66458892822266,19.06629180908203],[84.59184265136724,19.123840332031364],[84.7052230834961,19.149009704589957],[84.7462463378908,19.04847145080572],[84.35624694824224,18.55680465698248],[84.12568664550787,18.351530075073356],[84.12458038330107,18.309305191039982],[83.57263946533203,18.0181941986084],[83.45735931396496,17.920694351196346],[83.34430694580072,17.724861145019702],[83.30652618408232,17.688190460205078],[83.26347351074236,17.710971832275504],[83.29541778564459,17.6751384735108],[83.21347045898432,17.590972900390625],[82.60763549804699,17.29624938964838],[82.36846160888683,17.11874961853033],[82.24903106689459,16.930419921874943],[82.31180572509777,16.8401393890382],[82.3543090820313,16.851528167724723],[82.32430267334001,16.988750457763672],[82.35791778564459,16.963752746582315],[82.34291839599638,16.73791694641136],[82.29951477050798,16.71433258056635]]]]}},{"type":"Feature","properties":{"name":"Arunachal Pradesh","type":"State"},"geometry":{"type":"Polygon","coordinates":[[[96.1577758789063,29.383100509643555],[96.24356842041033,29.235122680664006],[96.36315155029314,29.285631179809798],[96.39280700683605,29.256500244140625],[96.34635925292986,29.171030044555778],[96.11450195312506,29.077602386474666],[96.18485260009771,28.98811912536638],[96.14524841308622,28.937488555908203],[96.1665267944336,28.905929565429688],[96.34670257568354,29.032268524169865],[96.525199890137,29.07928085327154],[96.47740173339861,28.99403953552246],[96.61599731445341,28.77857971191412],[96.58593750000017,28.721588134765682],[96.47274017334013,28.688209533691463],[96.49405670166021,28.638191223144588],[96.32567596435558,28.534009933471737],[96.37296295166021,28.487039566040096],[96.26377105712908,28.413379669189453],[96.37094116210938,28.394300460815543],[96.39940643310564,28.344499588012695],[96.45826721191435,28.419221878051758],[96.66456604003912,28.46577072143583],[96.77437591552751,28.374071121215877],[96.89866638183622,28.385900497436808],[96.99649810791044,28.316230773925838],[97.09256744384771,28.36969184875494],[97.40056610107439,28.200500488281307],[97.33080291748053,28.162971496582145],[97.30774688720709,28.077100753784464],[97.41516113281278,28.024080276489315],[97.37806701660173,27.98615074157715],[97.38902282714855,27.89637947082548],[97.32116699218744,27.889511108398438],[97.30870819091803,27.92996025085455],[97.25647735595732,27.909530639648438],[96.89758300781267,27.620801925659407],[96.9376831054688,27.530059814453352],[96.91184997558588,27.462709426879883],[97.16720581054716,27.155479431152457],[97.14643096923857,27.102840423583984],[96.86622619628935,27.19968986511242],[96.88877868652338,27.263599395751953],[96.80236053466825,27.354431152343864],[96.62048339843756,27.37281990051281],[96.52233123779325,27.293970108032454],[96.31083679199247,27.302040100097656],[96.09902191162115,27.231409072876204],[95.94596862792963,27.059709548950195],[95.80793762207048,27.020450592041186],[95.73081207275419,26.887491226196346],[95.67336273193371,26.910221099853516],[95.61151885986334,26.821212768554688],[95.5327758789063,26.831209182739258],[95.42330932617199,26.696712493896598],[95.30258178710966,26.656021118164062],[95.23763275146501,26.686290740966797],[95.24491882324224,26.787330627441634],[95.18450164794933,26.864830017089957],[95.23385620117193,26.89084053039545],[95.1955184936524,27.042949676513672],[95.24822998046903,27.030252456665323],[95.45778656005865,27.135641098022575],[95.45970916748053,27.2134304046632],[95.51618194580084,27.268630981445426],[95.59008789062517,27.229520797729492],[95.80628967285162,27.29174041748047],[95.89396667480469,27.26301193237299],[96.02091217041044,27.371259689331225],[95.97778320312528,27.43549919128418],[95.91684722900408,27.443159103393555],[95.89305877685553,27.406040191650504],[95.888656616211,27.444070816040266],[95.84934234619146,27.43032073974615],[95.88133239746094,27.55323028564453],[95.7871170043947,27.62340927124046],[95.79647064209001,27.688060760498104],[95.75821685791021,27.731109619140682],[95.97746276855469,27.968500137329045],[95.60674285888678,27.95776939392107],[95.5159530639649,27.881788253784464],[95.3843383789063,27.84202194213873],[95.31655883789062,27.871129989623967],[94.86086273193388,27.739479064941634],[94.45973968505888,27.557710647583008],[94.43103790283209,27.603080749511776],[94.27603149414074,27.593349456787394],[94.25222778320341,27.640930175781364],[94.21111297607422,27.610841751098746],[94.25972747802751,27.52349090576172],[94.15721130371105,27.47804832458496],[93.80858612060575,27.15175056457548],[93.8350219726563,27.074991226196346],[93.67578125000006,26.97107124328619],[93.48935699462908,26.93852996826189],[93.34793853759794,26.96324157714855],[93.01937103271501,26.916830062866325],[92.87243652343778,27.00769996643072],[92.65892791748053,27.03852081298851],[92.6454620361331,26.987449645996207],[92.58521270751982,26.961862564086914],[92.10788726806646,26.89381980895996],[92.10328674316423,27.007749557495174],[92.03374481201178,27.064815521240348],[92.02337646484392,27.162334442138672],[92.06964874267607,27.22364044189453],[92.03959655761719,27.26667213439947],[92.12061309814453,27.287570953369254],[92.05879211425776,27.327199935913256],[92.01876068115234,27.47974586486839],[91.65323638916027,27.48298072814964],[91.56200408935553,27.584209442138615],[91.64002227783209,27.757991790771484],[91.55252075195318,27.858572006225586],[91.82421112060547,27.810350418090934],[91.86052703857428,27.736932754516715],[91.91876220703153,27.715101242065373],[92.21039581298857,27.85898971557623],[92.26402282714838,27.857931137085075],[92.31595611572283,27.778240203857592],[92.50132751464861,27.841501235961914],[92.56069183349615,27.82104110717779],[92.73948669433622,27.98941040039091],[92.66293334960943,28.062770843505803],[92.68698883056646,28.12579917907715],[92.96452331542974,28.261810302734375],[93.00035858154303,28.230791091918945],[93.02366638183605,28.303199768066406],[93.21897888183605,28.333730697631893],[93.23152160644537,28.400711059570312],[93.18266296386736,28.439990997314567],[93.27591705322283,28.50482940673828],[93.33690643310541,28.640159606933707],[93.49111938476568,28.683961868286133],[93.77517700195341,28.668518066406307],[93.84403991699247,28.70738983154297],[93.92613220214861,28.67180061340332],[94.00142669677729,28.775539398193303],[93.99491119384794,28.841369628906307],[94.15513610839872,28.95476150512701],[94.21469116210938,29.08408927917486],[94.4311828613283,29.22682189941429],[94.55789947509771,29.228910446167106],[94.62815856933622,29.348590850830135],[94.77738189697283,29.241119384765682],[94.79798889160173,29.164609909057845],[94.87180328369158,29.184289932251147],[95.02279663085966,29.130620956420955],[94.99749755859392,29.173011779785213],[95.41013336181646,29.034120559692496],[95.48298645019537,29.07113075256342],[95.49633026123053,29.140310287475586],[95.54680633544939,29.128650665283203],[95.53771972656256,29.21400070190441],[95.77762603759771,29.356399536132926],[95.95710754394537,29.382667541504134],[96.08053588867193,29.46334457397461],[96.1577758789063,29.383100509643555]]]}},{"type":"Feature","properties":{"name":"Assam","type":"State"},"geometry":{"type":"MultiPolygon","coordinates":[[],[],[[[95.95231628417986,27.94184112548851],[95.75871276855486,27.726680755615348],[95.79802703857422,27.607830047607536],[95.88133239746094,27.55323028564453],[95.84934234619146,27.43032073974615],[95.888656616211,27.444070816040266],[95.89305877685553,27.406040191650504],[95.91684722900408,27.443159103393555],[95.97778320312528,27.43549919128418],[96.01835632324224,27.367900848388956],[95.89396667480469,27.26301193237299],[95.80628967285162,27.29174041748047],[95.59008789062517,27.229520797729492],[95.51088714599638,27.26626968383789],[95.45970916748053,27.2134304046632],[95.45778656005865,27.135641098022575],[95.24822998046903,27.030252456665323],[95.19845581054716,27.044429779052678],[95.02134704589861,26.925399780273494],[94.89447021484375,26.93733024597168],[94.7563705444336,26.7722682952882],[94.46794128417997,26.669820785522575],[94.40786743164091,26.61433029174799],[94.39945220947294,26.532320022583008],[94.31651306152372,26.462930679321516],[94.27674102783209,26.558839797973633],[94.18654632568365,26.46051025390625],[94.17550659179693,26.344219207763786],[94.1080474853515,26.32640075683588],[94.0048065185548,26.17327117919922],[93.95488739013666,26.0073299407959],[93.97939300537115,25.919679641723633],[93.79576110839855,25.814350128173942],[93.77301788330084,25.966020584106445],[93.68768310546875,25.909440994262752],[93.70548248291021,25.848630905151367],[93.3317413330081,25.546810150146484],[93.46186828613298,25.4346981048584],[93.47402191162138,25.309280395507812],[93.38871765136724,25.245920181274528],[93.33577728271484,25.095840454101562],[93.24884033203142,25.018800735473633],[93.2624130249024,24.951370239257926],[93.19735717773438,24.811260223388786],[93.10978698730486,24.809740066528263],[93.0758666992188,24.710390090942383],[93.10470581054693,24.675342559814453],[93.07541656494135,24.59622955322277],[93.10697937011724,24.58356094360346],[93.06111907958984,24.574832916259766],[93.03916931152338,24.411130905151424],[92.82898712158197,24.37776947021507],[92.7651977539063,24.520849227905387],[92.69066619873075,24.354801177978572],[92.62428283691435,24.332651138305778],[92.61158752441423,24.25334930419922],[92.55063629150396,24.24589920043951],[92.52966308593761,24.174800872802848],[92.4668273925783,24.13504028320324],[92.42237854003923,24.253110885620117],[92.21285247802746,24.24930953979515],[92.2722396850586,24.377569198608512],[92.2338333129884,24.561790466308594],[92.29827117919928,24.73655128479004],[92.24051666259777,24.89919090271019],[92.29837799072266,24.920049667358512],[92.39147186279314,24.849941253662337],[92.49179840087908,24.874021530151595],[92.48927307128935,24.954359054565543],[92.423637390137,24.996099472045955],[92.48429870605497,25.10806083679205],[92.5429458618164,25.099599838256836],[92.52466583251959,25.140029907226506],[92.62470245361322,25.118690490722656],[92.66690826416033,25.177061080932617],[92.80442047119158,25.21932983398449],[92.76464843750011,25.24934959411621],[92.78437042236328,25.332538604736442],[92.56741333007818,25.46747016906744],[92.65345764160168,25.592180252075195],[92.57250213623064,25.56042098999046],[92.55761718750017,25.611988067627067],[92.50170898437517,25.62293052673334],[92.38510131835966,25.75356292724615],[92.16069793701189,25.671859741210938],[92.15310668945318,25.8127498626709],[92.22547912597685,25.907049179077205],[92.16369628906244,25.911790847778263],[92.15631866455095,25.944799423218],[92.29731750488287,26.079149246215877],[91.99106597900419,26.041032791137923],[91.92209625244158,25.999530792236442],[91.87578582763678,26.09773063659668],[91.81931304931646,26.118740081787223],[91.73126220703153,26.0592098236084],[91.7201766967774,25.95407104492199],[91.66931152343744,25.90538978576666],[91.61115264892578,25.939920425415096],[91.63215637207048,26.022409439087028],[91.57583618164091,26.03310966491722],[91.47476196289057,25.87123107910179],[91.52540588378912,25.872890472412223],[91.3335571289063,25.83884048461914],[91.22387695312506,25.723419189453182],[91.17993164062517,25.77631950378418],[91.19647979736322,25.859010696411133],[91.00078582763666,25.82225036621105],[91.02922058105469,25.888048171997127],[90.96745300292986,25.887180328369197],[90.94274902343761,25.947570800781364],[90.91911315917997,25.91331100463873],[90.80989074707048,25.952159881591797],[90.77806091308611,25.90829086303711],[90.7405395507813,25.91521072387701],[90.74743652343761,25.9573211669923],[90.68604278564482,25.950809478759766],[90.624809265137,25.89889907836914],[90.62901306152372,25.9374294281007],[90.58245849609386,25.95979118347168],[90.51254272460955,25.896240234375057],[90.53446197509766,25.958021163940543],[90.47728729248047,26.01526069641119],[90.18251037597685,25.944450378418026],[90.11865234375,25.961259841918945],[89.94458007812506,25.82447814941429],[89.95524597167969,25.774459838867188],[89.8926162719726,25.735000610351562],[90.0172958374024,25.602191925049055],[89.87010192871122,25.54422187805187],[89.88520812988298,25.629829406738395],[89.81452941894537,25.81698036193859],[89.89035797119158,25.940229415893782],[89.82820129394548,25.943559646606673],[89.87539672851574,25.97611045837408],[89.83957672119169,26.01045989990257],[89.82295989990263,25.984909057617415],[89.81307220459013,26.041971206665096],[89.79155731201189,26.01765060424833],[89.78926086425798,26.102712631225813],[89.69483947753906,26.18907165527338],[89.7320327758789,26.21228981018089],[89.6972274780274,26.217229843139762],[89.72876739501982,26.238201141357365],[89.7048110961914,26.269901275634766],[89.73745727539068,26.271100997924805],[89.71782684326178,26.30570030212408],[89.75865936279303,26.28932952880865],[89.78201293945312,26.353279113769645],[89.85729217529325,26.38446044921875],[89.82727813720709,26.396472930908317],[89.86949920654325,26.44841957092291],[89.8623886108399,26.737003326416016],[90.1278381347658,26.749042510986328],[90.18872070312506,26.770572662353516],[90.21482086181658,26.853700637817553],[90.30150604248058,26.848230361938704],[90.4097061157226,26.90192031860363],[90.55993652343756,26.80101776123047],[90.69986724853533,26.768014907836857],[91.05397796630888,26.77947235107422],[91.09659576416033,26.819803237915266],[91.33631896972673,26.779651641845817],[91.40834808349638,26.835561752319393],[91.49276733398443,26.789764404296875],[91.68724822998041,26.805093765258846],[91.85778045654297,26.91402816772461],[92.05519104003906,26.84805297851591],[92.10788726806646,26.89381980895996],[92.58521270751982,26.961862564086914],[92.6454620361331,26.987449645996207],[92.65892791748053,27.03852081298851],[92.87243652343778,27.00769996643072],[93.01937103271501,26.916830062866325],[93.65511322021501,26.966478347778548],[93.8350219726563,27.074991226196346],[93.80858612060575,27.15175056457548],[94.15721130371105,27.47804832458496],[94.25905609130871,27.522600173950195],[94.21111297607422,27.610841751098746],[94.25222778320341,27.640930175781364],[94.27603149414074,27.593349456787394],[94.43103790283209,27.603080749511776],[94.45973968505888,27.557710647583008],[94.86086273193388,27.739479064941634],[95.31655883789062,27.871129989623967],[95.3843383789063,27.84202194213873],[95.5159530639649,27.881788253784464],[95.60674285888678,27.95776939392107],[95.97746276855469,27.968500137329045],[95.95231628417986,27.94184112548851]]]]}},{"type":"Feature","properties":{"name":"Bihar","type":"State"},"geometry":{"type":"MultiPolygon","coordinates":[[],[[[84.11972045898443,27.513521194458065],[84.21063995361328,27.442333221435547],[84.25624847412126,27.451900482177734],[84.29589080810541,27.384172439575252],[84.62201690673857,27.338207244873047],[84.69306182861328,27.214801788330078],[84.64485168457037,27.04719734191923],[84.96448516845709,26.960275650024357],[84.96982574462896,26.916032791137866],[85.06241607666044,26.88670539855957],[85.02444458007841,26.855432510375977],[85.19770812988298,26.86659431457531],[85.17911529541021,26.811914443969727],[85.21228790283209,26.758703231811808],[85.33631896972685,26.74141502380388],[85.63668823242193,26.871902465820426],[85.73671722412126,26.795616149902287],[85.73461914062517,26.654315948486385],[85.85331726074224,26.609516143798942],[85.85211944580095,26.56841468811058],[86.03073883056646,26.666421890259016],[86.21961212158232,26.588109970092773],[86.33003997802763,26.61915397644043],[86.73352050781267,26.42204475402832],[86.76770019531256,26.458457946777344],[86.89641571044939,26.461715698242415],[87.07427978515653,26.58546638488764],[87.09391784667997,26.450016021728743],[87.16501617431646,26.403816223144645],[87.25870513916027,26.410860061645735],[87.34341430664091,26.347515106201172],[87.37129211425776,26.40775489807129],[87.46909332275419,26.44006538391119],[87.60841369628923,26.380601882934684],[87.68023681640653,26.435094833374194],[87.7688598632813,26.412096023559513],[87.79221343994169,26.468915939331282],[87.85121917724626,26.436214447021484],[87.89063262939482,26.48641967773449],[87.9293060302735,26.417947769165096],[88.03255462646513,26.36463165283226],[88.09740447998075,26.437442779541072],[88.10614776611357,26.535623550415096],[88.14539337158209,26.510971069335994],[88.23120117187506,26.551982879638672],[88.17903900146513,26.490579605102596],[88.26790618896513,26.421752929687614],[88.22924804687517,26.38985061645525],[88.27955627441435,26.33553123474138],[88.01306915283232,26.140871047973576],[87.96405792236357,26.151979446411133],[87.97219085693365,26.08485031127924],[87.84211730957037,26.044481277465877],[87.80358123779303,25.92072105407715],[87.8228378295899,25.871467590332145],[87.91091156005876,25.85174942016613],[87.89846801757841,25.769760131836165],[88.04862976074236,25.690570831298942],[88.02102661132818,25.586921691894474],[88.07041168212896,25.48050117492687],[87.92604827880865,25.536212921142635],[87.86347198486334,25.465389251708984],[87.78132629394543,25.444650650024528],[87.78398132324224,25.332429885864315],[87.85501098632812,25.289529800415266],[87.83664703369169,25.199260711669865],[87.58007049560553,25.348390579223633],[87.53974914550798,25.281618118286076],[87.48150634765653,25.295171737670955],[87.47216033935575,25.1946697235108],[87.32345581054705,25.223091125488338],[87.29110717773443,25.089269638061523],[87.21135711669928,25.089599609375227],[87.14676666259794,25.024311065673942],[87.15811920166016,24.885631561279354],[87.07856750488298,24.82225036621105],[87.0504684448245,24.606769561767635],[86.93009185791044,24.642820358276424],[86.91117858886724,24.53867912292486],[86.80029296875017,24.564601898193587],[86.77712249755888,24.619760513305607],[86.66839599609403,24.56064033508295],[86.60292053222662,24.605068206787223],[86.50572204589872,24.5177001953125],[86.45220947265625,24.368629455566463],[86.27913665771513,24.462001800537166],[86.32286071777361,24.584091186523438],[86.13329315185564,24.60354042053217],[86.1244430541995,24.70516014099121],[86.0390701293947,24.74131965637207],[86.05058288574224,24.779541015624943],[85.95030212402372,24.732118606567383],[85.87777709960943,24.80029106140131],[85.73674011230486,24.822650909423885],[85.69666290283203,24.713472366333008],[85.64952850341791,24.687040328979492],[85.66470336914068,24.58193016052246],[85.57657623291021,24.60301017761236],[85.51830291748041,24.52454948425293],[85.4864807128908,24.550750732421932],[85.28251647949247,24.52668952941889],[85.28196716308622,24.497200012207088],[85.15067291259771,24.462869644165096],[85.16938018798834,24.42947006225586],[85.0894165039063,24.37919998168968],[85.07615661621122,24.439870834350586],[84.89803314208979,24.372129440307617],[84.88017272949219,24.462800979614258],[84.83439636230469,24.452520370483455],[84.83262634277344,24.511480331421012],[84.79532623291021,24.529491424560604],[84.67891693115251,24.45634269714367],[84.658256530762,24.39374160766613],[84.57247924804705,24.412340164184798],[84.5215225219726,24.37626075744629],[84.4935379028322,24.287040710449332],[84.29321289062494,24.450822830200195],[84.32634735107433,24.50271987915039],[84.29297637939464,24.56599044799816],[84.25714111328153,24.530750274658203],[84.18830108642607,24.55532073974615],[84.1792602539063,24.510419845581055],[84.1460571289063,24.540300369262752],[84.10977935791033,24.481399536132926],[84.04673767089855,24.612289428710938],[83.99221038818388,24.63803291320812],[83.93300628662115,24.551742553710994],[83.86804199218778,24.532880783080998],[83.71669006347656,24.504949569702376],[83.49816894531256,24.527059555053768],[83.54141235351568,24.62618064880371],[83.49752044677751,24.651660919189396],[83.4798431396485,24.737831115722656],[83.38680267334013,24.78421974182129],[83.3181762695312,25.01732063293457],[83.34960937500028,25.19894027709961],[83.69458007812506,25.396099090576115],[83.76193237304693,25.387910842895508],[83.83837127685564,25.4368896484375],[83.8102264404298,25.465919494629134],[83.91705322265653,25.558490753173885],[84.07650756835966,25.637531280517692],[84.09439086914068,25.72038078308117],[84.14823150634794,25.730960845947322],[84.20291137695318,25.6696395874024],[84.2855758666995,25.661529541015625],[84.33129119873053,25.74457168579096],[84.48838806152361,25.67785072326666],[84.53586578369158,25.726490020751953],[84.5523300170899,25.684030532837028],[84.55562591552763,25.736408233642578],[84.63059997558622,25.728340148925838],[84.62021636962896,25.794090270996094],[84.52697753906256,25.834329605102653],[84.52864074707048,25.87774085998541],[84.16622924804705,25.991500854492188],[84.11605072021501,26.074880599975813],[84.04905700683622,26.099700927734432],[84.00551605224615,26.234069824218864],[84.15730285644537,26.24413108825695],[84.17135620117188,26.373979568481445],[84.07200622558611,26.384469985961914],[84.01098632812517,26.448459625244197],[83.9022827148438,26.450250625610295],[83.90220642089838,26.51807975769043],[84.04776000976562,26.54348945617687],[84.08177947998053,26.642860412597656],[84.27221679687528,26.59936141967796],[84.41439819335938,26.62717056274414],[84.40223693847662,26.671222686767578],[84.32566070556658,26.68425750732422],[84.29802703857439,26.753271102905273],[84.23398590087896,26.739530563354492],[84.24109649658232,26.86243057250988],[84.1689224243164,26.8345184326173],[84.14083862304705,26.88758087158203],[84.052001953125,26.89170074462919],[84.0408172607423,27.04467964172386],[83.99076080322283,27.068590164184855],[84.02072143554688,27.095481872558594],[83.93942260742205,27.092992782592773],[83.98512268066418,27.181762695312727],[83.89795684814464,27.25942993164091],[83.92359924316423,27.316431045532227],[83.82895660400419,27.32275962829584],[83.905517578125,27.376214981079386],[83.87024688720709,27.428506851196573],[84.02941894531278,27.433629989624194],[84.11972045898443,27.513521194458065]]],[[[87.30621337890653,27.84321594238304],[87.30680084228544,27.836589813232422],[87.30617523193365,27.843217849731445],[87.30621337890653,27.84321594238304]]],[],[[[87.26291656494169,27.850715637207315],[87.26721191406267,27.8501167297365],[87.26628112792974,27.849452972412166],[87.26291656494169,27.850715637207315]]]]}},{"type":"Feature","properties":{"name":"Chandigarh","type":"Union Territor"},"geometry":{"type":"Polygon","coordinates":[[[76.81980895996105,30.68582916259777],[76.726303100586,30.695909500122127],[76.69062805175787,30.760080337524528],[76.79776763916016,30.78527069091797],[76.82818603515636,30.763790130615234],[76.81980895996105,30.68582916259777]]]}},{"type":"Feature","properties":{"name":"Chhattisgarh","type":"State"},"geometry":{"type":"Polygon","coordinates":[[[83.3275985717774,24.09964942932129],[83.50670623779303,24.02824020385748],[83.56121063232439,23.86295127868658],[83.69538879394537,23.82066917419428],[83.71472930908203,23.682540893554915],[83.774887084961,23.599500656127987],[83.93525695800798,23.563039779663086],[83.9378890991211,23.6224308013916],[84.00702667236334,23.632310867309684],[84.0226669311524,23.544240951538143],[83.96582794189459,23.381210327148494],[84.04338836669939,23.374010086059627],[84.0702514648437,23.329990386962947],[84.03367614746111,23.13844108581543],[84.12937927246088,23.08154106140148],[84.14800262451178,22.963869094848633],[84.189926147461,23.023719787597713],[84.21705627441418,22.976472854614315],[84.37053680419928,22.975070953369254],[84.37692260742216,22.87589073181158],[84.22535705566423,22.735160827636946],[84.22061157226562,22.668910980224666],[84.08039093017595,22.63655090332054],[84.00505065917986,22.569562911987532],[83.97609710693365,22.502210617065487],[84.04155731201178,22.464109420776424],[84.00421142578153,22.36766052246105],[83.86100769042963,22.343780517578352],[83.75279998779303,22.242860794067383],[83.61927032470709,22.19635963439947],[83.55726623535162,22.09997940063488],[83.60031890869158,22.065509796142578],[83.53244781494146,22.03404808044445],[83.53517150878912,21.963500976562614],[83.60047912597656,21.910840988159123],[83.58447265625017,21.843601226806697],[83.46717834472673,21.78273963928234],[83.484130859375,21.74155235290533],[83.41974639892584,21.675020217895508],[83.48454284667986,21.62556266784668],[83.45275878906256,21.605190277099723],[83.44123077392595,21.649272918701286],[83.38072204589872,21.612751007080078],[83.33463287353533,21.495550155639705],[83.40265655517607,21.34843063354515],[83.27001953125006,21.375038146972884],[83.27455902099626,21.285671234131087],[83.21835327148443,21.26012039184593],[83.19010162353521,21.13552856445324],[83.11984252929705,21.101060867309684],[82.95606994628912,21.175489425659237],[82.63594055175781,21.149450302124023],[82.62230682373053,21.036569595337028],[82.48567199707048,20.903511047363338],[82.4590530395509,20.823841094970703],[82.34661865234392,20.883848190307845],[82.36823272705084,20.62405967712425],[82.32401275634777,20.55388069152832],[82.42916870117182,20.425752639770508],[82.39377593994146,20.33552169799799],[82.42922973632812,20.282962799072322],[82.37892913818365,20.144630432128963],[82.39086151123064,20.059589385986328],[82.5983657836914,19.985639572143555],[82.70748901367205,19.990219116210938],[82.71100616455084,19.848560333252067],[82.5850601196289,19.771049499511662],[82.59076690673845,19.866218566894474],[82.43949127197283,19.902919769287223],[82.33944702148443,19.8299617767334],[82.23062896728516,19.998081207275504],[82.17846679687506,19.97808265686035],[82.05789947509771,20.049869537353516],[82.02440643310575,20.010040283203068],[81.94135284423834,20.102251052856445],[81.8737564086914,20.046180725097884],[81.84963226318365,19.908050537109375],[81.96037292480486,19.85473823547386],[81.98014831542997,19.795780181884766],[82.05982971191412,19.78309822082514],[82.02239227294922,19.501802444458008],[82.09207916259777,19.509840011596793],[82.11930847167974,19.423900604248104],[82.18305969238293,19.417610168456974],[82.14083099365251,19.3619194030764],[82.18316650390642,19.31970024108898],[82.15978240966803,19.12648010253912],[82.21211242675776,19.090549468994254],[82.23956298828153,18.910459518432617],[82.17272949218756,18.895288467407227],[82.16114807128935,18.790960311889762],[82.08141326904325,18.755870819091797],[82.07858276367216,18.71208190917963],[81.96768188476568,18.690612792968807],[81.94744110107428,18.628820419311637],[81.88537597656244,18.65032958984375],[81.94690704345709,18.55915069580078],[81.8579406738283,18.51305961608898],[81.74491119384771,18.345350265503157],[81.65809631347662,18.339290618896428],[81.52796173095703,18.259080886840934],[81.47731018066412,17.970020294189396],[81.43725585937506,17.875938415527344],[81.39382934570341,17.885139465332088],[81.38413238525385,17.803489685058594],[81.15956878662115,17.852630615234318],[81.03765106201178,17.78623962402355],[80.94399261474615,18.081020355224723],[80.97367858886719,18.168149948120174],[80.8620223999024,18.132669448852482],[80.86749267578125,18.207258224487532],[80.82958984375006,18.23411941528326],[80.79792785644537,18.16629981994629],[80.7345581054688,18.17171287536621],[80.73326873779303,18.218790054321346],[80.78827667236322,18.24978065490717],[80.7265396118164,18.40899085998541],[80.48838806152355,18.62672042846674],[80.33879089355474,18.588209152221793],[80.23956298828142,18.752210617065487],[80.34778594970709,18.81594085693382],[80.26772308349638,18.98732948303234],[80.38334655761713,19.23913955688488],[80.56781768798845,19.400920867919865],[80.61015319824236,19.307140350341797],[80.67189025878935,19.32644844055187],[80.68860626220709,19.283489227294922],[80.74923706054688,19.286741256713867],[80.84500885009771,19.36091041564947],[80.78793334960955,19.426700592041016],[80.89206695556658,19.465681076049805],[80.82760620117205,19.562671661376896],[80.65685272216791,19.612260818481445],[80.66584014892578,19.692211151123047],[80.53967285156256,19.77459907531744],[80.54242706298828,19.819271087646484],[80.46916198730497,19.824661254882812],[80.47808837890636,19.772409439087028],[80.39470672607428,19.79457855224615],[80.4975204467774,19.8687496185305],[80.40629577636719,19.932500839233512],[80.52037811279303,19.93087959289562],[80.54615783691412,20.065710067749023],[80.49803161621111,20.138919830322266],[80.3938369750976,20.144020080566463],[80.41398620605474,20.1902313232423],[80.38295745849604,20.241720199584904],[80.61776733398438,20.33368110656744],[80.5860214233399,20.395610809326115],[80.62232208251982,20.603862762451286],[80.5119018554687,20.585119247436523],[80.4815979003908,20.61709976196289],[80.58011627197271,20.683641433715877],[80.54183959960932,20.93391990661621],[80.45909118652361,20.928150177001953],[80.4237594604495,21.00959014892601],[80.45526885986328,21.169080734252873],[80.60344696044916,21.227422714233512],[80.67295074462896,21.298288345337028],[80.65653228759783,21.3307723999024],[80.73021697998053,21.472051620483455],[80.7185287475586,21.711860656738338],[80.74297332763678,21.757961273193416],[80.81120300292986,21.747491836547795],[80.84117126464844,21.85645294189476],[80.81844329834001,21.956790924072266],[80.90608978271496,22.11444091796875],[80.9505233764649,22.11301040649414],[80.97885131835955,22.048311233520508],[81.00427246093756,22.070020675659407],[80.97175598144526,22.12148094177246],[81.01579284667997,22.132709503173885],[81.0194473266601,22.229190826416016],[81.1138458251956,22.29438018798851],[81.10999298095714,22.441120147705135],[81.18004608154291,22.4901504516601],[81.21839141845703,22.451650619506836],[81.27546691894548,22.4994411468507],[81.30396270751964,22.481750488281364],[81.32293701171892,22.524330139160156],[81.37873840332043,22.505300521850643],[81.39655303955095,22.441320419311523],[81.51906585693365,22.53998184204113],[81.61579132080084,22.539020538330135],[81.65654754638689,22.63200187683117],[81.76272583007841,22.663589477539062],[81.76940155029325,22.87350845336914],[81.9402465820313,22.957090377807617],[81.93810272216803,23.077810287475586],[82.11588287353521,23.103799819946232],[82.15107727050776,23.14174079895031],[82.18585968017584,23.325389862060774],[82.09848022460955,23.39770126342779],[82.04573822021496,23.377870559692496],[82.01597595214855,23.42350959777832],[81.9761199951173,23.413110733032283],[81.91635894775396,23.532091140747127],[81.82717895507841,23.51128959655773],[81.73603057861322,23.567430496215934],[81.60704803466808,23.506889343261776],[81.56973266601562,23.588649749755973],[81.68728637695318,23.721349716186523],[81.59844207763678,23.853679656982422],[81.61051177978544,23.906972885131893],[81.66159820556652,23.925598144531364],[81.78266143798834,23.81184005737316],[81.91644287109403,23.872989654541243],[82.04540252685541,23.8205890655517],[82.20388793945341,23.85299110412609],[82.22614288330084,23.806932449340877],[82.51619720459001,23.7842311859132],[82.52735137939482,23.82407951354992],[82.65202331542974,23.85650062561035],[82.65651702880854,23.907861709594783],[82.79865264892595,23.96218109130865],[82.94950103759766,23.872989654541243],[83.12741088867216,23.890020370483626],[83.3275985717774,24.09964942932129]]]}},{"type":"Feature","properties":{"name":"Dadra and Nagar Haveli","type":"Union Territor"},"geometry":{"type":"Polygon","coordinates":[[[72.99046325683588,20.292089462280217],[73.0198364257812,20.31739807128912],[73.04416656494146,20.291112899780387],[73.10338592529297,20.36036109924322],[73.11286926269543,20.304941177368278],[73.17710113525396,20.31232261657715],[73.06423950195324,20.203161239624137],[73.08244323730469,20.156589508056754],[73.1500701904298,20.172840118408203],[73.145751953125,20.206979751586914],[73.227783203125,20.187049865722656],[73.19890594482433,20.062271118164176],[73.06063842773449,20.099060058593864],[73.05281066894543,20.06767082214361],[73.01051330566406,20.140222549438477],[72.98532104492188,20.113451004028263],[72.9744873046875,20.225839614868164],[72.9223098754884,20.274400711059684],[72.99046325683588,20.292089462280217]]]}},{"type":"Feature","properties":{"name":"Daman and Diu","type":"Union Territor"},"geometry":{"type":"MultiPolygon","coordinates":[[[[72.86013793945324,20.470960617065543],[72.83705902099621,20.422330856323356],[72.87552642822271,20.38105010986328],[72.84507751464872,20.407119750976676],[72.821533203125,20.371080398559627],[72.86013793945324,20.470960617065543]]],[],[[[70.9485473632813,20.733741760253906],[70.99764251709013,20.7140274047851],[70.89208221435553,20.70791625976574],[70.9485473632813,20.733741760253906]]],[[[70.76802825927734,20.9619598388673],[70.84601593017607,20.97055053710949],[70.90161132812506,20.903329849243164],[70.81696319580084,20.851200103759822],[70.89617919921903,20.824792861938704],[70.84358215332048,20.76038932800293],[70.87403106689482,20.704862594604492],[70.83819580078153,20.690141677856502],[70.67402648925798,20.75819015502924],[70.73384857177763,20.988439559936637],[70.76802825927734,20.9619598388673]]]]}},{"type":"Feature","properties":{"name":"Delhi","type":"Union Territor"},"geometry":{"type":"Polygon","coordinates":[[[77.21732330322277,28.835279464721793],[77.19692230224604,28.795280456542912],[77.32348632812506,28.7158718109132],[77.33753204345703,28.617492675781364],[77.29364776611328,28.579719543457145],[77.33773803710938,28.508970260620117],[77.24265289306652,28.48460006713873],[77.24061584472656,28.428859710693416],[77.16577148437506,28.40846061706543],[77.07247924804693,28.52028083801281],[77.00609588623053,28.542779922485465],[77.00554656982428,28.514440536499137],[76.8793716430664,28.509050369262695],[76.83761596679688,28.55698966979992],[76.87793731689459,28.637630462646598],[76.93390655517572,28.63764953613287],[76.94230651855469,28.820680618286246],[77.07585144042969,28.884511947631836],[77.21732330322277,28.835279464721793]]]}},{"type":"Feature","properties":{"name":"Goa","type":"State"},"geometry":{"type":"MultiPolygon","coordinates":[[],[],[],[[[73.87986755371094,15.779211997985897],[73.94536590576178,15.741521835327092],[74.00238800048834,15.609051704406966],[74.1901321411134,15.68098068237316],[74.2552566528322,15.654210090637207],[74.28727722167969,15.526000022888297],[74.25633239746122,15.489520072937012],[74.34165191650408,15.292930603027457],[74.25752258300781,15.257629394531364],[74.32190704345709,15.184069633483944],[74.27834320068376,15.095899581909123],[74.30233764648432,15.039859771728572],[74.21183776855474,14.921420097351131],[74.1865615844726,14.953380584716797],[74.17539215087896,14.908919334411678],[74.0429229736331,14.918471336364803],[74.05014038085966,14.988195419311523],[73.9118041992188,15.084028244018668],[73.94847106933605,15.145972251892147],[73.88652801513666,15.350419998168888],[73.7829132080081,15.408749580383528],[73.89679718017607,15.414859771728743],[73.78763580322271,15.461527824401855],[73.80541992187511,15.49485969543457],[73.76457977294928,15.49458026885992],[73.73124694824247,15.59041690826416],[73.75485992431646,15.617361068725529],[73.6793060302735,15.722360610961857],[73.79321289062511,15.723660469055233],[73.87986755371094,15.779211997985897]]]]}},{"type":"Feature","properties":{"name":"Gujarat","type":"State"},"geometry":{"type":"MultiPolygon","coordinates":[[[[70.86096954345703,20.752918243408203],[70.87040710449247,20.718719482422102],[70.84034729003923,20.728450775146655],[70.86096954345703,20.752918243408203]]],[],[],[],[],[],[],[],[],[],[],[],[[[72.67652893066406,21.155700683593807],[72.71041870117216,21.140693664550895],[72.6890258789063,21.089860916137695],[72.67652893066406,21.155700683593807]]],[],[],[],[],[],[],[],[],[],[],[],[],[],[],[],[],[],[],[],[],[],[],[],[],[],[],[],[],[],[],[],[],[],[],[],[[[69.62763977050798,22.459583282470703],[69.636528015137,22.406530380249137],[69.58819580078125,22.437080383301065],[69.62763977050798,22.459583282470703]]],[],[],[],[],[],[],[],[],[],[[[69.91874694824224,22.553195953369084],[69.94152832031278,22.517915725708008],[69.862358093262,22.527080535888842],[69.91874694824224,22.553195953369084]]],[],[],[],[],[],[],[[[70.00903320312528,22.59320068359375],[70.027084350586,22.567916870117244],[69.95791625976591,22.54957962036127],[70.00903320312528,22.59320068359375]]],[],[],[],[],[],[],[],[],[],[],[],[],[],[],[],[],[],[],[],[],[],[],[[[68.55819702148455,23.313751220703068],[68.61486053466814,23.271530151367244],[68.5409698486331,23.265693664550724],[68.55819702148455,23.313751220703068]]],[],[],[],[],[],[],[],[],[],[],[],[],[],[],[],[],[],[],[],[],[],[],[],[],[],[],[],[],[],[],[],[],[],[],[],[],[],[],[],[],[],[],[],[],[],[],[],[[[68.47286224365263,23.480419158935547],[68.48458099365251,23.403190612793082],[68.47458648681669,23.45986366271984],[68.42124938964861,23.420141220092717],[68.47286224365263,23.480419158935547]]],[],[],[],[],[],[],[],[],[],[],[],[],[],[],[],[],[],[],[],[],[],[],[],[],[],[],[[[68.35846710205072,23.80513954162592],[68.42624664306646,23.794860839843977],[68.39041900634771,23.654306411743164],[68.38957977294939,23.6859722137454],[68.31485748291021,23.583196640014762],[68.27430725097685,23.5918102264406],[68.30680847167986,23.630701065063533],[68.19708251953153,23.59708595275879],[68.20458221435564,23.647640228271428],[68.31181335449224,23.65014076232933],[68.23124694824213,23.642915725708235],[68.33403015136747,23.71097183227556],[68.35846710205072,23.80513954162592]]],[],[],[[[68.30790710449247,23.823749542236328],[68.32430267334013,23.73430824279791],[68.28569793701178,23.754583358764705],[68.27403259277344,23.701250076293945],[68.26763916015653,23.77236175537132],[68.30790710449247,23.823749542236328]]],[[[68.49652862548857,23.830972671508846],[68.51680755615251,23.754579544067326],[68.48764038085955,23.737081527710245],[68.46541595459013,23.775419235229776],[68.47680664062506,23.7406902313233],[68.4373626708985,23.73931121826172],[68.44790649414091,23.806531906128043],[68.49652862548857,23.830972671508846]]],[],[],[],[[[68.39569091796892,23.878196716308594],[68.42652893066435,23.81042098999029],[68.40541839599626,23.793191909790266],[68.37958526611357,23.838195800781307],[68.40152740478544,23.790416717529354],[68.3301391601563,23.787361145019702],[68.39569091796892,23.878196716308594]]],[],[[[68.44930267334001,23.938472747802848],[68.44209289550787,23.870422363281477],[68.42236328124994,23.894861221313704],[68.34986114501982,23.846250534057788],[68.35291290283232,23.900693893432845],[68.44930267334001,23.938472747802848]]],[[[68.53541564941435,23.945972442626953],[68.58875274658209,23.91681098938011],[68.51708221435553,23.856527328491154],[68.48596954345709,23.889869689941634],[68.52569580078153,23.892641067504996],[68.53541564941435,23.945972442626953]]],[],[[[68.4820861816408,23.992639541626147],[68.51847076416044,23.92430496215843],[68.4434661865235,23.848470687866495],[68.46291351318365,23.932083129882926],[68.42819213867193,23.937919616699446],[68.4820861816408,23.992639541626147]]],[[[68.43013763427763,23.995420455932617],[68.41291809082037,23.92736053466814],[68.34485626220709,23.901250839233626],[68.33763885498075,23.819305419922102],[68.2656860351563,23.792921066284237],[68.2668075561524,23.691806793212947],[68.23792266845697,23.681249618530217],[68.19264221191412,23.730970382690487],[68.23430633544922,23.77486038208002],[68.21291351318388,23.834583282470703],[68.2873611450197,23.839307785034237],[68.24874877929716,23.853759765625],[68.317642211914,23.879301071166992],[68.259017944336,23.875141143798942],[68.27708435058594,23.914861679077262],[68.43013763427763,23.995420455932617]]],[[[72.10186004638689,24.643339157104492],[72.18589782714872,24.609430313110465],[72.35378265380854,24.61810111999523],[72.2509994506836,24.580160140991325],[72.44248962402344,24.504249572753963],[72.46467590332037,24.40711975097662],[72.50771331787104,24.409931182861385],[72.54457855224626,24.506851196289062],[72.69725036621105,24.45721054077171],[72.73253631591808,24.361270904541243],[72.86811828613287,24.36581039428711],[72.92391204833984,24.326322555541935],[72.9914627075197,24.363971710205135],[72.96418762207048,24.392221450805607],[73.01278686523438,24.482400894165153],[73.09892272949224,24.491491317748967],[73.08496093750006,24.39447021484375],[73.16996765136736,24.3506698608399],[73.23147583007818,24.364660263061467],[73.1449584960937,24.30785751342779],[73.08268737792974,24.184980392455998],[73.2238159179688,24.098220825195426],[73.19893646240229,24.051460266113395],[73.24582672119169,24.010709762573242],[73.37346649169922,24.12813949584961],[73.42468261718756,23.931060791015682],[73.36207580566406,23.861869812011832],[73.3626480102539,23.78742980957037],[73.50853729248064,23.70333099365257],[73.51348876953142,23.616811752319336],[73.57727050781256,23.655361175537337],[73.66073608398455,23.62290191650402],[73.6327514648438,23.452392578125114],[73.70421600341814,23.455781936645565],[73.72614288330078,23.412662506103516],[73.76471710205078,23.45857810974144],[73.83213043212919,23.446750640869254],[73.894271850586,23.337139129638672],[73.96247100830095,23.381389617919922],[74.04447174072266,23.296091079711914],[74.10658264160168,23.294122695922965],[74.12702178955107,23.178850173950252],[74.1829910278322,23.152219772338867],[74.24603271484403,23.188259124756087],[74.34919738769543,23.030241012573356],[74.36202239990263,22.933090209960938],[74.40038299560547,22.899379730224553],[74.45147705078153,22.923999786376953],[74.47891998291044,22.858640670776367],[74.38108825683622,22.638639450073356],[74.26535797119158,22.64483070373541],[74.15332031250011,22.517419815063533],[74.04463958740263,22.542121887207088],[74.0370864868164,22.491510391235465],[74.08526611328153,22.508518218994254],[74.1230010986331,22.420810699463004],[74.19082641601568,22.477880477905387],[74.29418182373064,22.394468307495345],[74.20680236816423,22.367620468139762],[74.19106292724615,22.321929931640568],[74.07198333740251,22.360240936279297],[74.07578277587908,22.22187805175787],[74.12277984619146,22.212900161743164],[74.13027191162138,22.097709655761776],[74.18070983886719,22.08660125732422],[74.09770202636736,22.01545906066889],[74.14890289306646,21.96071052551281],[73.81051635742193,21.823337554931697],[73.89810180664068,21.66727066040039],[73.78761291503912,21.625049591064567],[73.86078643798822,21.49582290649414],[74.02555847167997,21.552619934082088],[74.18183135986345,21.561769485473633],[74.20523834228544,21.529211044311523],[74.30996704101557,21.567321777343807],[74.32772064208984,21.49575042724615],[74.11097717285168,21.448101043701172],[74.06716156005854,21.481931686401367],[74.0485458374024,21.419429779052848],[73.9528427124024,21.40237045288086],[73.94848632812528,21.29755020141613],[73.83213806152372,21.2674503326416],[73.82254791259771,21.171920776367244],[73.63639831542974,21.13265991210949],[73.58830261230474,21.167900085449446],[73.65994262695307,21.108379364013615],[73.75260925292997,21.11408996582037],[73.77485656738287,21.01045036315918],[73.90644836425787,20.98315048217779],[73.94953155517595,20.7423095703125],[73.82264709472656,20.693820953369368],[73.83828735351562,20.61576080322277],[73.67070770263678,20.5623397827149],[73.60730743408203,20.636301040649414],[73.53837585449224,20.673860549926758],[73.49843597412126,20.653419494628906],[73.48261260986345,20.71722984313959],[73.45369720458996,20.71047019958519],[73.40273284912115,20.642599105835075],[73.50074005126953,20.540241241455078],[73.39134979248075,20.390199661254996],[73.42991638183588,20.206230163574276],[73.31114959716797,20.207210540771484],[73.25946807861334,20.1246395111084],[73.2006912231447,20.129699707031307],[73.22915649414068,20.18429946899414],[73.18017578125006,20.208608627319336],[73.12802886962908,20.157119750976562],[73.07244873046903,20.163450241088924],[73.07685852050776,20.22980117797863],[73.1795425415039,20.28986167907715],[73.1128692626956,20.304941177368278],[73.10737609863276,20.360710144043196],[73.04416656494146,20.291112899780387],[73.0198364257812,20.31739807128912],[72.9840927124024,20.271680831909123],[72.92459106445318,20.278659820556754],[72.96924591064482,20.210910797119197],[72.8745422363283,20.225809097289982],[72.83534240722668,20.144641876220703],[72.73764038085943,20.13653945922863],[72.7756958007812,20.333471298217717],[72.84507751464872,20.407119750976676],[72.87552642822271,20.38105010986328],[72.83657073974626,20.428390502929915],[72.89180755615263,20.53125190734886],[72.85098266601574,20.741527557373104],[72.88957977294939,20.748195648193416],[72.83458709716825,20.781805038452376],[72.79374694824224,20.945142745971793],[72.77680206298857,20.914859771728572],[72.7520828247072,20.94652938842779],[72.723197937012,21.049028396606445],[72.77041625976562,21.066804885864258],[72.70430755615246,21.07485961914074],[72.72069549560553,21.1431941986084],[72.6670761108399,21.155418395996094],[72.62708282470732,21.075969696044922],[72.61846923828136,21.22263908386242],[72.65319824218778,21.226804733276424],[72.58735656738287,21.275688171386776],[72.69680786132818,21.4645805358889],[72.64514160156256,21.433750152588004],[72.67402648925776,21.52042007446289],[72.74236297607439,21.550140380859432],[72.62568664550787,21.492359161376953],[72.59735870361322,21.55236053466797],[72.62930297851568,21.617650985717887],[72.83513641357428,21.66792106628418],[72.53763580322294,21.664304733276424],[72.50736236572283,21.701250076294002],[72.56986236572294,21.824308395385742],[72.51763916015625,21.85736083984375],[72.50235748291044,21.955141067504996],[72.582084655762,22.200971603393555],[72.64736175537126,22.217084884643782],[72.75763702392578,22.174028396606445],[72.80790710449247,22.245420455932617],[72.87790679931669,22.223751068115348],[72.91596984863287,22.278194427490234],[72.88930511474615,22.244028091430664],[72.84375000000028,22.28236389160179],[72.7520828247072,22.23097038269043],[72.63541412353521,22.28458213806175],[72.54125213623075,22.243194580078125],[72.54264068603533,22.280971527099894],[72.48596954345697,22.197359085083065],[72.49291992187506,22.248193740844727],[72.38874816894548,22.310417175293026],[72.4123611450197,22.358472824096793],[72.36180877685547,22.37566947937006],[72.40402984619146,22.353200912475586],[72.37236022949224,22.31652641296398],[72.41402435302763,22.29708480834961],[72.41652679443388,22.227361679077376],[72.39958190917986,22.199306488037166],[72.35624694824247,22.271249771118107],[72.39152526855497,22.16791534423851],[72.35764312744158,22.192920684814624],[72.34349060058588,22.124860763549748],[72.29430389404314,22.202362060547046],[72.32375335693365,22.130136489868164],[72.2784729003908,21.932079315185774],[72.24153137207037,22.049583435058764],[72.29792022705095,22.06347084045416],[72.30014038085966,22.108749389648438],[72.26541900634777,22.105419158935547],[72.23263549804716,22.017639160156307],[72.17236328125028,22.041530609131087],[72.23097229003923,22.00764083862333],[72.22097015380865,21.956251144409123],[72.14653015136724,21.983472824096964],[72.25319671630865,21.897361755371037],[72.26457977294939,21.74041748046875],[72.18291473388689,21.823749542236385],[72.2412490844726,21.78736114501953],[72.30596923828142,21.628469467163313],[72.22319793701172,21.438749313354606],[72.10901641845714,21.2829208374024],[72.07597351074224,21.30208396911621],[72.11374664306646,21.19652748107933],[72.00763702392595,21.132642745971623],[72.01069641113298,21.185970306396598],[71.97680664062506,21.12096977233915],[71.80680847167986,21.03791618347168],[71.51486206054693,20.948194503784293],[71.43958282470732,20.86930465698265],[71.37790679931646,20.87402915954607],[71.05041503906256,20.730970382690373],[70.87347412109403,20.709861755371264],[70.92041778564447,20.736806869506893],[70.84358215332048,20.76038932800293],[70.89617919921903,20.824792861938704],[70.81696319580084,20.851200103759822],[70.90023803710955,20.885700225830305],[70.88698577880871,20.945209503174055],[70.73551177978521,20.98983192443859],[70.66625213623053,20.752359390258846],[70.43902587890642,20.852640151977596],[70.09958648681646,21.104581832885856],[69.71290588378923,21.528470993041992],[69.76431274414074,21.57875061035162],[69.73764038085966,21.65041923522955],[69.67569732666033,21.63875007629406],[69.69680786132841,21.592920303344783],[69.63263702392578,21.642919540405273],[69.7234725952149,21.572370529175032],[69.71069335937506,21.539306640625114],[69.58763885498053,21.620969772338867],[69.0551376342774,22.12846946716303],[68.93597412109403,22.310138702392635],[68.9845809936524,22.414304733276595],[69.06735992431646,22.480140686035213],[69.06930541992216,22.395694732666016],[69.19403076171903,22.423749923706225],[69.15791320800787,22.312915802001953],[69.23263549804705,22.25791740417486],[69.33429718017595,22.330419540405558],[69.48847198486334,22.33791732788086],[69.52375030517584,22.385694503784407],[69.49819183349615,22.435693740844727],[69.59124755859375,22.360969543457088],[69.57569122314482,22.319030761718864],[69.69930267334013,22.395969390869197],[69.67180633544933,22.45070075988781],[69.72820281982428,22.47375106811529],[69.79763793945318,22.399858474731445],[69.83430480957037,22.500694274902344],[69.87014007568365,22.44652938842802],[69.9762496948245,22.5431938171389],[70.16291809082037,22.551530838012923],[70.4934692382813,23.07513999938965],[70.4012527465822,23.030700683593693],[70.38680267333984,22.948194503784237],[70.34764099121088,22.93041610717802],[70.1979141235351,22.998472213745117],[70.21985626220703,22.956529617309684],[70.12319183349626,22.960695266723746],[70.15319824218756,23.029581069946403],[70.12652587890636,22.94652748107916],[70.09097290039062,22.952640533447266],[70.13208007812528,22.924581527710075],[69.79846954345732,22.850694656372013],[69.7051391601563,22.72791671752924],[69.63375091552751,22.795419692993164],[69.6009750366211,22.75902748107916],[69.55513763427729,22.792360305786133],[69.46958160400396,22.77374839782715],[69.355697631836,22.82875251770014],[69.19069671630876,22.84124946594244],[68.65902709960966,23.149860382080078],[68.58541870117216,23.234584808349837],[68.63069152832048,23.21319389343256],[68.60375213623041,23.24292945861839],[68.6718063354495,23.270139694213924],[68.63014221191412,23.29569435119646],[68.75818634033214,23.33041954040533],[68.65013885498064,23.30430793762207],[68.49180603027361,23.5009708404541],[68.49680328369158,23.652919769287394],[68.76125335693388,23.874870300293082],[68.60375213623041,23.850139617920206],[68.52513885498075,23.759025573730696],[68.51513671875006,23.824861526489485],[68.6631927490235,23.91736030578636],[68.55874633789062,23.924028396606445],[68.54680633544928,23.963193893432617],[68.74924468994169,23.96204566955572],[68.77265167236334,24.294136047363224],[68.82635498046892,24.3083953857423],[68.84772491455095,24.208379745483455],[68.88754272460966,24.195850372314453],[68.94724273681669,24.276626586914062],[69.00053405761736,24.22587966918951],[69.09292602539074,24.269083023071516],[69.19976806640653,24.235198974609318],[69.31027221679705,24.27668762207054],[69.60067749023466,24.27784729003912],[69.72457885742193,24.175096511840877],[70.00064086914091,24.166395187378157],[70.11904144287115,24.29069900512718],[70.57486724853516,24.42031478881853],[70.61186981201172,24.400539398193587],[70.5742492675783,24.2523326873781],[70.80576324462919,24.22272682189964],[70.89410400390625,24.257097244262752],[70.88513946533203,24.290750503539982],[70.9597473144533,24.346240997314737],[71.04718780517584,24.34733963012701],[71.13176727294939,24.401800155639933],[71.00756835937528,24.442241668701115],[70.99826812744158,24.541339874267635],[71.02047729492193,24.630510330200195],[71.10713958740229,24.68065071105957],[71.2977371215822,24.607641220092717],[71.35103607177746,24.653219223022575],[71.38305664062506,24.621681213378906],[71.5369720458985,24.678920745849723],[71.66156005859386,24.63326072692871],[71.79898834228533,24.670520782470817],[71.85839080810558,24.60416984558117],[71.87647247314459,24.675159454345703],[71.94419097900396,24.626779556274528],[72.052490234375,24.705789566039982],[72.10186004638689,24.643339157104492]]]]}},{"type":"Feature","properties":{"name":"Haryana","type":"State"},"geometry":{"type":"Polygon","coordinates":[[[76.83715057373058,30.878871917724837],[76.9021606445313,30.89722824096691],[76.95375061035156,30.81121063232439],[76.99796295166044,30.814291000366268],[77.01309967041033,30.742208480835075],[77.0768432617188,30.74476051330572],[77.1535263061524,30.688720703125],[77.15748596191423,30.599550247192383],[77.11149597167969,30.56728935241705],[77.20260620117216,30.4803409576416],[77.34607696533197,30.461900711059627],[77.40061187744169,30.418750762939453],[77.45053863525396,30.46523094177269],[77.43495178222685,30.403671264648665],[77.5098495483399,30.448829650878906],[77.59201812744146,30.370861053466797],[77.4153213500976,30.156690597534293],[77.4144287109375,30.10713005065918],[77.27040863037126,30.048339843750057],[77.11704254150408,29.770900726318587],[77.143325805664,29.705970764160213],[77.0849075317384,29.53359031677246],[77.13938903808594,29.442100524902344],[77.12003326416044,29.349790573120174],[77.15394592285162,29.335479736328125],[77.12204742431646,29.10576820373558],[77.21404266357433,29.006690979003963],[77.19013977050787,28.95566177368164],[77.22119140625017,28.904132843017578],[77.14237976074213,28.842470169067383],[77.07585144042986,28.884511947631836],[76.94230651855469,28.820680618286417],[76.93390655517572,28.63764953613304],[76.87793731689459,28.637630462646598],[76.83291625976568,28.582508087158317],[76.8793716430664,28.509050369262695],[77.00554656982428,28.514440536499137],[77.00609588623053,28.542779922485636],[77.07247924804693,28.52028083801281],[77.16577148437506,28.40846061706543],[77.24061584472656,28.428859710693416],[77.24265289306652,28.48460006713873],[77.33447265625017,28.5110893249514],[77.47455596923834,28.413511276245174],[77.49476623535162,28.29261016845726],[77.46481323242193,28.27742958068859],[77.53878021240251,28.254409790039233],[77.51911926269548,28.201780319214095],[77.48912048339872,28.211990356445426],[77.54236602783203,28.181659698486328],[77.46887207031278,28.086011886596737],[77.53613281250006,27.9493026733399],[77.23455810546892,27.78581047058117],[77.19384765625028,27.821939468383846],[77.12652587890653,27.776460647583008],[77.03827667236345,27.820041656494197],[77.02066802978544,27.77812004089361],[77.07921600341825,27.738410949707145],[76.99353790283209,27.741701126098746],[76.97049713134794,27.65714263916027],[76.90540313720709,27.655969619751033],[76.88092041015642,27.69936943054222],[76.91456604003912,27.700820922851676],[76.88334655761747,27.724422454833984],[76.96176147460938,28.144010543823356],[76.8636322021485,28.224639892578125],[76.65122985839838,28.096759796142578],[76.66007232666016,28.01905059814453],[76.53819274902344,27.97054100036621],[76.53852081298828,28.039119720458928],[76.45372772216803,28.049669265747298],[76.49765777587919,28.06473159790039],[76.4485702514649,28.09317016601591],[76.49780273437506,28.106620788574276],[76.47099304199213,28.154741287231502],[76.3767700195312,28.138071060180664],[76.28885650634766,28.182672500610636],[76.35560607910156,28.128450393676815],[76.29740142822294,28.10104942321783],[76.35459899902372,28.07420158386242],[76.33679962158209,28.029661178588867],[76.26492309570318,28.068740844726676],[76.17733764648443,28.059259414672965],[76.21382904052746,28.03168106079096],[76.15493774414057,27.9989910125733],[76.22328186035173,27.840930938720817],[76.17292022705095,27.807460784912166],[76.08806610107428,27.868448257446346],[75.96308135986328,27.864730834960938],[75.97738647460938,27.909259796142578],[75.92362213134783,27.933090209960994],[75.96317291259771,27.936950683593864],[75.96998596191423,28.030948638916016],[76.035629272461,28.073980331421126],[75.98455047607428,28.050741195678825],[75.93608856201178,28.093530654907454],[76.02774810791033,28.172721862792912],[76.09288787841803,28.155218124389705],[75.92237854003918,28.368909835815543],[75.77031707763678,28.407619476318303],[75.77822875976591,28.457611083984432],[75.62909698486328,28.545970916748104],[75.6180496215822,28.602209091186467],[75.55570983886736,28.614591598511026],[75.46707916259771,28.926250457763672],[75.51110076904303,29.010829925537337],[75.43473815917969,29.016540527343693],[75.36115264892595,29.14262008667015],[75.40065002441406,29.18890953063959],[75.39570617675787,29.261940002441463],[75.31492614746122,29.235960006713924],[75.31926727294928,29.293439865112248],[75.22345733642578,29.234951019287166],[75.1799926757813,29.268619537353516],[75.07807922363298,29.232450485229663],[75.0399169921875,29.287149429321516],[74.95310974121122,29.28194046020502],[74.92714691162138,29.364639282226562],[74.84113311767607,29.404069900512923],[74.75663757324247,29.355960845947266],[74.65017700195324,29.37236976623535],[74.64182281494169,29.331199645996207],[74.59577941894537,29.328311920166016],[74.529106140137,29.449539184570312],[74.57891082763672,29.45862007141136],[74.61440277099626,29.527111053466854],[74.5665359497072,29.56349945068365],[74.6054000854495,29.752880096435547],[74.47200012207037,29.744029998779354],[74.46526336669939,29.787549972534407],[74.55356597900408,29.865640640259016],[74.50502777099621,29.907760620117415],[74.524642944336,29.951560974121094],[74.64697265625028,29.904670715332088],[74.69078826904303,29.96927070617687],[74.80117797851568,29.992572784423942],[74.91573333740229,29.94915962219244],[74.9899291992187,29.85646057128912],[75.0848007202149,29.915140151977482],[75.09017944335943,29.806661605835075],[75.15405273437506,29.78101921081543],[75.18234252929716,29.838701248169116],[75.23097991943388,29.75206756591797],[75.15783691406267,29.662710189819336],[75.2212371826173,29.60655021667486],[75.22348022460943,29.546171188354492],[75.29606628417963,29.56808090209961],[75.31772613525396,29.6707000732423],[75.35044860839861,29.659280776977766],[75.33535003662104,29.693849563598746],[75.44426727294916,29.807849884033374],[75.56878662109403,29.74262046813959],[75.6974487304688,29.755210876464957],[75.70593261718778,29.80862045288086],[75.77162170410173,29.825389862060547],[75.87928009033214,29.7470703125],[76.04148101806658,29.748781204223746],[76.07766723632841,29.805772781372127],[76.24201202392584,29.869028091430835],[76.16629028320318,29.9286594390872],[76.20387268066412,29.94412040710455],[76.19091796875006,30.016412734985295],[76.25499725341803,30.104579925537053],[76.1906127929687,30.134960174560717],[76.20387268066412,30.158901214599723],[76.32289886474615,30.108221054077262],[76.32588195800798,30.14924049377447],[76.39000701904303,30.12754058837902],[76.41020202636736,30.202289581299],[76.45208740234403,30.100709915161246],[76.60105133056669,30.08023071289074],[76.63891601562506,30.205940246582315],[76.58399963378912,30.25653076171875],[76.5325317382813,30.227130889892805],[76.54763793945341,30.26492118835455],[76.71515655517595,30.332910537719727],[76.73853302001964,30.35964965820324],[76.70014953613287,30.393611907958984],[76.75786590576172,30.438890457153263],[76.83245849609392,30.433881759643555],[76.88022613525396,30.35970115661621],[76.93026733398466,30.39258956909174],[76.8888473510745,30.44111061096197],[76.91342926025396,30.599702835083008],[76.86222839355486,30.67927169799799],[76.81881713867193,30.66059112548851],[76.84678649902361,30.792520523071232],[76.76254272460943,30.893409729003906],[76.81018829345709,30.93037986755371],[76.83715057373058,30.878871917724837]]]}},{"type":"Feature","properties":{"name":"Himachal Pradesh","type":"Union Territor"},"geometry":{"type":"Polygon","coordinates":[[[76.80275726318365,33.23666000366211],[76.82834625244146,33.24639892578131],[76.80345916748047,33.15568923950218],[76.87719726562511,33.11423873901384],[76.91751098632812,33.03367996215849],[77.13639068603521,32.980461120605526],[77.14618682861322,32.914020538330305],[77.17385864257812,32.93112945556652],[77.32789611816412,32.81988143920893],[77.387466430664,32.88552093505865],[77.45522308349626,32.8617401123048],[77.66520690917986,32.98603057861351],[77.71248626708979,32.97180175781244],[77.7901687622072,32.90542984008812],[77.76142883300787,32.864830017089844],[77.91513061523443,32.76605987548828],[77.90325164794939,32.69309997558605],[77.9825592041015,32.5865287780764],[78.37135314941412,32.76182937622076],[78.38881683349638,32.62322998046881],[78.29662322998053,32.577510833740405],[78.27851867675787,32.50793075561529],[78.31040954589872,32.475929260253906],[78.3824310302735,32.5296516418457],[78.43839263916044,32.505352020263786],[78.43811035156256,32.45639038085949],[78.51876068115251,32.41849899292015],[78.43920898437517,32.2464599609375],[78.5929107666015,32.218669891357706],[78.59733581542986,32.12203216552746],[78.77102661132841,31.999811172485465],[78.69135284423828,31.79335021972679],[78.73439788818388,31.69198036193859],[78.77964782714838,31.68984031677246],[78.83109283447277,31.61526107788086],[78.70664215087908,31.51839256286621],[78.79547882080072,31.452762603759766],[78.77643585205095,31.401229858398494],[78.83422851562517,31.372470855712947],[78.82901000976591,31.33020019531267],[78.99658203125006,31.115339279174748],[78.87139892578125,31.107320785522404],[78.79503631591808,31.205039978027344],[78.64769744873064,31.194669723510856],[78.59536743164091,31.236391067504883],[78.47010803222673,31.203750610351562],[78.35632324218756,31.290870666503906],[78.01423645019531,31.154939651489258],[77.88748931884771,31.154701232910156],[77.80060577392572,31.06208038330101],[77.81714630126964,30.953569412231502],[77.7345733642581,30.959569931030273],[77.74559783935553,30.922309875488395],[77.79561614990263,30.923799514770508],[77.78936767578125,30.858549118042106],[77.7445220947265,30.881191253662166],[77.68828582763689,30.76866912841797],[77.77905273437494,30.663770675659407],[77.78199005126959,30.619358062744425],[77.72952270507812,30.5983829498291],[77.81064605712896,30.533180236816634],[77.57463073730486,30.426519393920955],[77.56534576416021,30.384889602661246],[77.5098495483399,30.448829650878906],[77.41644287109403,30.408391952514876],[77.45053863525396,30.46523094177269],[77.40061187744169,30.418750762939453],[77.34607696533197,30.461900711059627],[77.20260620117216,30.4803409576416],[77.12233734130888,30.548231124878043],[77.1535263061524,30.688720703125],[77.0768432617188,30.74476051330572],[77.01309967041033,30.742208480835075],[76.99796295166044,30.814291000366268],[76.95375061035156,30.81121063232439],[76.9021606445313,30.89722824096691],[76.85243225097685,30.870689392089844],[76.81018829345709,30.93037986755371],[76.76985931396513,30.906391143798942],[76.61006927490251,31.004230499267692],[76.62573242187517,31.11024284362793],[76.5893173217774,31.12770080566429],[76.5903930664062,31.18285942077631],[76.63414764404303,31.21533966064453],[76.5806121826173,31.21635246276861],[76.601615905762,31.25090980529785],[76.5705032348634,31.280149459838867],[76.53495025634766,31.255350112915266],[76.46671295166021,31.310211181640682],[76.43113708496094,31.282840728759822],[76.36313629150396,31.44135093688982],[76.29609680175781,31.31920051574707],[76.17282867431669,31.306739807129077],[76.13503265380865,31.361759185791016],[76.15349578857428,31.414012908935547],[75.9218292236331,31.817180633545036],[75.97146606445312,31.81454849243164],[75.89454650878935,31.949800491333235],[75.57875823974626,32.08168029785156],[75.6618270874024,32.16466903686535],[75.62021636962896,32.185169219970874],[75.62254333496105,32.23468017578125],[75.73639678955084,32.27376174926769],[75.93463134765653,32.4247589111331],[75.85096740722673,32.507869720458984],[75.92362213134783,32.64369964599621],[75.91248321533232,32.757122039795036],[75.78742218017595,32.89332199096674],[75.83389282226591,32.93460083007824],[75.9337768554688,32.884311676025504],[75.98741912841808,32.90058135986351],[76.09368896484403,33.00482940673828],[76.23728942871105,33.032588958740234],[76.39167785644548,33.186691284179744],[76.58190155029303,33.2068710327149],[76.62700653076166,33.162479400634766],[76.7298660278322,33.1794319152832],[76.75997161865234,33.25297927856451],[76.80275726318365,33.23666000366211]]]}},{"type":"Feature","properties":{"name":"Jammu and Kashmir","type":"State"},"geometry":{"type":"Polygon","coordinates":[[[77.89956665039091,35.4278945922851],[77.99064636230474,35.48711013793957],[78.10983276367205,35.476768493652344],[77.9970703125,35.3940887451173],[77.99185180664074,35.3485488891601],[78.04276275634771,35.20233154296881],[78.12417602539068,35.135421752929915],[78.08287048339872,35.082489013671875],[78.24803161621122,34.69509887695307],[78.39836120605463,34.64863204956083],[78.42511749267595,34.60346221923851],[78.56933593750006,34.611949920654524],[78.98146057128906,34.33285140991211],[78.95619964599615,34.217830657959155],[78.70638275146513,34.072181701660156],[78.7703628540039,34.01972961425781],[78.71156311035156,33.92250061035162],[78.783988952637,33.77043151855469],[78.71098327636713,33.654869079589844],[78.82325744628912,33.48348999023449],[79.06659698486334,33.29589080810547],[79.07496643066406,33.228610992431925],[79.40983581542963,33.17877197265625],[79.35247039794939,32.979030609130916],[79.54052734375017,32.748691558838004],[79.54535675048834,32.60736083984392],[79.44801330566423,32.58607864379883],[79.31221771240251,32.48709106445324],[79.20295715332037,32.510829925537166],[79.1265258789063,32.46430969238298],[79.10446929931635,32.371711730957145],[78.97720336914091,32.34276962280296],[78.78118133544922,32.475299835205135],[78.74592590332048,32.696079254150675],[78.62567138671886,32.607051849365234],[78.45272064208979,32.579502105713004],[78.41652679443376,32.51509857177757],[78.3824310302735,32.5296516418457],[78.31040954589872,32.475929260253906],[78.27851867675787,32.50793075561529],[78.29662322998053,32.577510833740405],[78.38881683349638,32.62322998046881],[78.37135314941412,32.76182937622076],[77.9825592041015,32.5865287780764],[77.90325164794939,32.69309997558605],[77.91513061523443,32.76605987548828],[77.76142883300787,32.864830017089844],[77.7901687622072,32.90542984008812],[77.71248626708979,32.97180175781244],[77.66520690917986,32.98603057861351],[77.45522308349626,32.8617401123048],[77.387466430664,32.88552093505865],[77.32789611816412,32.81988143920893],[77.17385864257812,32.93112945556652],[77.14618682861322,32.914020538330305],[77.13639068603521,32.980461120605526],[76.91751098632812,33.03367996215849],[76.87719726562511,33.11423873901384],[76.80345916748047,33.15568923950218],[76.82834625244146,33.24639892578131],[76.77826690673822,33.255710601806584],[76.7298660278322,33.1794319152832],[76.62700653076166,33.162479400634766],[76.54747772216791,33.2095298767091],[76.39167785644548,33.186691284179744],[76.23728942871105,33.032588958740234],[76.09368896484403,33.00482940673828],[75.94577026367188,32.88513946533209],[75.80795288085966,32.92979049682617],[75.78983306884794,32.88140106201166],[75.91248321533232,32.757122039795036],[75.92362213134783,32.64369964599621],[75.80433654785185,32.48706054687523],[75.74592590332037,32.47634887695318],[75.68495941162138,32.40061950683594],[75.54515075683622,32.36082077026367],[75.4989471435548,32.27532958984381],[75.47223663330084,32.34004974365246],[75.32232666015636,32.337326049804915],[75.18852996826189,32.424480438232536],[75.12792968750006,32.42116928100609],[75.07160949707048,32.48296356201172],[74.97934722900396,32.44776916503929],[74.83532714843756,32.49621200561518],[74.69841766357428,32.48493957519537],[74.64221191406278,32.61104965209961],[74.69702148437517,32.839714050293026],[74.64199829101591,32.822898864746094],[74.61423492431658,32.75773239135742],[74.53153228759771,32.74073028564476],[74.46605682373053,32.781360626220646],[74.4138946533206,32.90394973754894],[74.31803131103533,32.91970062255871],[74.34983062744135,33.016250610351506],[74.20524597167963,33.04330062866211],[74.11170196533209,33.164440155029354],[74.01427459716808,33.19824981689453],[74.02030181884766,33.258781433105696],[74.1029815673831,33.270542144775504],[74.17074584960938,33.346649169922046],[74.18707275390636,33.45552062988281],[74.09571075439464,33.570396423339844],[74.02844238281244,33.57468032836914],[73.95625305175787,33.72029113769531],[74.06572723388678,33.82009887695335],[74.21967315673834,33.86717605590832],[74.26274108886724,33.97428894042997],[74.21467590332037,34.03855514526367],[73.88321685791021,34.04994964599632],[73.9762268066408,34.264808654785156],[73.89940643310553,34.359813690185604],[73.84175109863298,34.33832168579096],[73.76432037353533,34.371070861816406],[73.94806671142584,34.573089599609375],[73.92733001709013,34.645889282226506],[73.96022033691406,34.69668197631847],[74.14179229736345,34.691200256347884],[74.30729675292963,34.8003044128418],[74.375541687012,34.803443908691406],[74.58017730712902,34.77009963989269],[74.70300292968756,34.69308090209972],[75.01874542236328,34.641498565674055],[75.24971008300776,34.647312164306584],[75.37782287597662,34.55242156982416],[75.74920654296903,34.515830993652344],[76.03646087646513,34.67026901245117],[76.15791320800787,34.64340972900385],[76.47434234619146,34.79437255859398],[76.68181610107422,34.75959014892578],[76.74324035644537,34.84009933471691],[76.74936676025396,34.92660140991228],[76.87004089355486,34.972431182861555],[76.99748992919928,34.939151763916016],[77.01809692382818,35.03846359252941],[77.15682220458996,35.05469894409191],[77.82392883300798,35.50133132934593],[77.89956665039091,35.4278945922851]]]}},{"type":"Feature","properties":{"name":"Jharkhand","type":"State"},"geometry":{"type":"Polygon","coordinates":[[[87.59989166259771,25.314662933349553],[87.68415069580095,25.310131072998047],[87.70778656005876,25.25640869140625],[87.78330993652361,25.2461776733399],[87.77652740478521,25.091270446777344],[87.87697601318376,25.028039932251204],[87.97334289550787,24.896482467651367],[87.81806182861328,24.765981674194336],[87.90083312988298,24.72159957885748],[87.91340637207048,24.65855979919445],[87.8727416992187,24.61071968078619],[87.90997314453142,24.593868255615178],[87.84821319580084,24.55105018615734],[87.76940917968767,24.581760406494368],[87.80634307861357,24.545200347900504],[87.79515075683611,24.4910507202149],[87.82287597656256,24.49440956115734],[87.78475189208996,24.414541244507063],[87.81002044677751,24.406620025634766],[87.75627899169928,24.303592681884766],[87.63571166992205,24.242530822753963],[87.68956756591803,24.14983940124523],[87.56938171386724,24.155651092529354],[87.60761260986322,24.128942489624023],[87.57615661621094,24.08526039123541],[87.49359893798845,24.115209579467773],[87.51055145263672,24.039831161498967],[87.43383026123075,24.008321762085075],[87.4579696655274,23.981420516967887],[87.2379760742187,24.04121971130371],[87.29454803466803,23.898571014404354],[87.27041625976562,23.872940063476676],[87.24822235107433,23.90701103210455],[87.242729187012,23.826160430908146],[87.13092803955107,23.866960525512695],[87.1664428710937,23.819589614868278],[87.12416076660173,23.7950382232666],[86.89501190185575,23.87995147705101],[86.88226318359375,23.814479827880973],[86.87121582031267,23.844181060791072],[86.79283905029314,23.83138084411621],[86.81977081298834,23.761070251464844],[86.79203796386713,23.687370300293082],[86.43988037109386,23.62961006164562],[86.35797119140642,23.543060302734375],[86.37194824218756,23.4826602935791],[86.30000305175781,23.420061111450195],[86.24317932128912,23.419580459594783],[86.23874664306658,23.469690322875977],[86.14553070068365,23.473070144653263],[86.14476776123053,23.567771911621207],[86.04686737060564,23.58386993408203],[86.01077270507841,23.551649093628157],[86.04722595214844,23.493642807006893],[85.85954284667969,23.450950622558594],[85.8956909179688,23.37059020996088],[85.82636260986328,23.26312065124523],[85.83155822753906,23.195119857788086],[85.9149932861331,23.129529953002987],[86.03692626953125,23.143610000610465],[86.21247863769537,22.99184989929222],[86.540283203125,22.987230300903434],[86.51835632324236,22.944330215454215],[86.43282318115246,22.923402786254883],[86.4630432128908,22.89663124084484],[86.41615295410173,22.776508331298942],[86.50659179687506,22.70152091979986],[86.5392532348634,22.720649719238338],[86.61786651611357,22.673389434814453],[86.65170288085955,22.57579040527338],[86.75994110107433,22.572429656982536],[86.79801177978516,22.483989715576172],[86.75148010253912,22.45067977905296],[86.84393310546875,22.396060943603516],[86.82919311523466,22.3245906829834],[86.88511657714838,22.296709060669173],[86.8856811523437,22.25212097167963],[86.79026794433605,22.262800216674805],[86.80011749267584,22.21363067626953],[86.747802734375,22.20798110961914],[86.49994659423834,22.34095191955572],[86.43335723876959,22.301540374755916],[86.27982330322271,22.44552040100109],[86.1073303222658,22.484897613525504],[86.03849029541033,22.563589096069336],[85.95350646972668,22.455972671509016],[86.00874328613298,22.424320220947266],[85.99288177490251,22.33815956115734],[86.04328918457037,22.306190490722713],[85.96978759765625,22.24340057373047],[86.0267181396485,22.185222625732536],[85.90542602539068,21.96663093566889],[85.76074981689453,21.989719390869254],[85.78794097900396,22.077190399169922],[85.83075714111345,22.07697105407709],[85.80204772949224,22.110830307006893],[85.6815032958985,22.04878044128418],[85.64460754394548,22.090280532836914],[85.53954315185547,22.08658981323248],[85.39443969726568,22.158599853515682],[85.30007934570341,22.10705947875971],[85.230941772461,22.00027084350586],[85.09543609619169,22.099451065063477],[84.97982025146513,22.08468055725109],[85.02374267578125,22.11199188232422],[85.07051086425798,22.272159576416243],[85.11445617675787,22.290489196777344],[85.06249237060564,22.478410720825195],[84.89379882812528,22.418010711669922],[84.8077926635745,22.446861267089787],[84.74385070800787,22.414751052856502],[84.52662658691418,22.420021057128906],[84.4260864257813,22.34881019592291],[84.28922271728516,22.337320327758846],[84.15248870849626,22.400930404663143],[84.13492584228516,22.470949172973576],[84.00250244140653,22.520860671997184],[84.00505065917986,22.569562911987532],[84.08039093017595,22.63655090332054],[84.22061157226562,22.668910980224666],[84.22535705566423,22.735160827636946],[84.369888305664,22.86450004577648],[84.38905334472662,22.938739776611328],[84.37053680419928,22.975070953369254],[84.21705627441418,22.976472854614315],[84.189926147461,23.023719787597713],[84.14800262451178,22.963869094848633],[84.12937927246088,23.08154106140148],[84.03367614746111,23.13844108581543],[84.0702514648437,23.329990386962947],[84.04338836669939,23.374010086059627],[83.96582794189459,23.381210327148494],[84.0226669311524,23.544240951538143],[84.00702667236334,23.632310867309684],[83.9378890991211,23.6224308013916],[83.93525695800798,23.563039779663086],[83.774887084961,23.599500656127987],[83.71472930908203,23.682540893554915],[83.69538879394537,23.82066917419428],[83.56121063232439,23.86295127868658],[83.50670623779303,24.02824020385748],[83.32356262207048,24.101329803466854],[83.40188598632841,24.266000747680664],[83.37593841552763,24.314540863037337],[83.45139312744146,24.36474990844738],[83.40013885498058,24.408679962158203],[83.39546966552751,24.503770828247184],[83.86804199218778,24.532880783080998],[83.93300628662115,24.551742553710994],[83.99221038818388,24.63803291320812],[84.04673767089855,24.612289428710938],[84.10977935791033,24.481399536132926],[84.1460571289063,24.540300369262752],[84.1792602539063,24.510419845581055],[84.18830108642607,24.55532073974615],[84.25714111328153,24.530750274658203],[84.29743194580078,24.563142776489258],[84.32634735107433,24.50271987915039],[84.29321289062494,24.450822830200195],[84.4935379028322,24.287040710449332],[84.5215225219726,24.37626075744629],[84.57247924804705,24.412340164184798],[84.658256530762,24.39374160766613],[84.67891693115251,24.45634269714367],[84.79532623291021,24.529491424560604],[84.83262634277344,24.511480331421012],[84.83439636230469,24.452520370483455],[84.88017272949219,24.462800979614258],[84.89803314208979,24.372129440307617],[85.07615661621122,24.439870834350586],[85.0894165039063,24.37919998168968],[85.16938018798834,24.42947006225586],[85.15067291259771,24.462869644165096],[85.28196716308622,24.497200012207088],[85.28251647949247,24.52668952941889],[85.4864807128908,24.550750732421932],[85.51830291748041,24.52454948425293],[85.57657623291021,24.60301017761236],[85.66470336914068,24.58193016052246],[85.64952850341791,24.687040328979492],[85.69666290283203,24.713472366333008],[85.73674011230486,24.822650909423885],[85.87777709960943,24.80029106140131],[85.95030212402372,24.732118606567383],[86.05058288574224,24.779541015624943],[86.0390701293947,24.74131965637207],[86.1244430541995,24.70516014099121],[86.13329315185564,24.60354042053217],[86.32286071777361,24.584091186523438],[86.27913665771513,24.462001800537166],[86.45220947265625,24.368629455566463],[86.50572204589872,24.5177001953125],[86.60292053222662,24.605068206787223],[86.66839599609403,24.56064033508295],[86.77712249755888,24.619760513305607],[86.80029296875017,24.564601898193587],[86.91117858886724,24.53867912292486],[86.93009185791044,24.642820358276424],[87.0504684448245,24.606769561767635],[87.07730102539068,24.818141937255973],[87.15097808837919,24.858430862426758],[87.14420318603521,25.017971038818587],[87.17664337158209,25.06402015686035],[87.29110717773443,25.089269638061523],[87.32345581054705,25.223091125488338],[87.46763610839844,25.193141937255973],[87.49006652832043,25.305200576782283],[87.53974914550798,25.281618118286076],[87.58007049560553,25.348390579223633],[87.59989166259771,25.314662933349553]]]}},{"type":"Feature","properties":{"name":"Karnataka","type":"State"},"geometry":{"type":"MultiPolygon","coordinates":[[],[],[],[],[],[],[],[],[],[],[],[],[],[],[],[],[],[],[],[],[],[],[],[[[77.33731079101557,18.43544006347662],[77.36962890625006,18.447650909423828],[77.3697509765625,18.400709152221793],[77.41011047363293,18.388530731201172],[77.36252593994158,18.308290481567496],[77.43637084960943,18.306491851806584],[77.4653930664063,18.259960174560547],[77.50950622558622,18.306730270385685],[77.60301971435547,18.277999877929688],[77.56430816650408,18.20055007934576],[77.59745788574247,18.084289550781477],[77.54574584960966,18.053760528564396],[77.65339660644548,17.969352722167912],[77.5108795166015,17.801441192626953],[77.56202697753923,17.747110366821516],[77.45034790039068,17.691299438476562],[77.43992614746088,17.581470489502067],[77.50161743164068,17.54088020324707],[77.52742004394543,17.573221206665153],[77.58982849121122,17.562759399414062],[77.68799591064459,17.49854278564476],[77.51014709472673,17.42725944519043],[77.52802276611357,17.372110366821346],[77.45159912109392,17.37049102783203],[77.45450592041021,17.27589035034191],[77.38035583496105,17.219770431518555],[77.35999298095732,17.16162109375],[77.46263885498047,17.104070663452205],[77.49938964843778,17.00732040405279],[77.45339965820318,16.909032821655273],[77.47113800048834,16.779130935669173],[77.43753814697271,16.78321075439453],[77.42341613769537,16.71453094482422],[77.46679687500028,16.711940765380803],[77.46504211425793,16.678281784057617],[77.41657257080084,16.66281127929699],[77.46939086914068,16.646911621093977],[77.46417236328142,16.584209442138672],[77.39144134521513,16.565200805664062],[77.4153213500976,16.517829895019645],[77.3662872314456,16.484109878540153],[77.23517608642584,16.468080520629996],[77.34294891357428,16.379720687866154],[77.59160614013689,16.33751106262207],[77.59227752685575,16.29010963439947],[77.48755645751964,16.249820709228516],[77.50945281982428,15.920860290527287],[77.1806259155274,15.950062751770076],[77.07679748535173,15.909740447998047],[77.02227020263689,15.831780433654899],[77.06388854980474,15.823169708251953],[77.04708862304693,15.72501182556158],[77.12497711181669,15.659050941467285],[77.11620330810575,15.62510967254633],[77.02928161621094,15.63383865356451],[77.02659606933588,15.499990463256893],[76.97039031982439,15.490921974182243],[77.06157684326178,15.321860313415584],[77.10968780517584,15.327281951904354],[77.16414642334001,15.259070396423397],[77.12090301513678,15.22124099731451],[77.16320037841814,15.161331176757926],[77.07881927490263,15.000009536743278],[76.774223327637,15.071380615234375],[76.76377105712885,14.969869613647461],[76.86547851562517,14.937600135803336],[76.8487396240235,14.80403137207054],[76.7803497314456,14.779261589050293],[76.76091003417963,14.596281051635799],[76.87020111083979,14.468440055847282],[76.97339630126953,14.478281021118221],[76.94156646728533,14.399541854858398],[76.88314056396513,14.390291213989258],[76.87909698486334,14.346389770507812],[76.9501113891601,14.2940292358399],[76.94346618652361,14.236310005188045],[77.10507965087896,14.213281631469727],[77.15215301513689,14.337740898132381],[77.28114318847662,14.331110954284782],[77.27958679199224,14.276089668273869],[77.35926055908203,14.269330024719466],[77.38378906250011,14.191821098327694],[77.41570281982416,14.21196174621582],[77.38565826416021,14.324870109558049],[77.49936676025396,14.260510444641113],[77.50044250488298,14.150960922241325],[77.40972137451178,14.169719696044979],[77.34773254394537,14.12434101104742],[77.344535827637,14.0960111618042],[77.39544677734403,14.10344123840332],[77.32618713378918,14.022939682006893],[77.3833618164063,14.00735855102539],[77.37565612792969,13.969111442566032],[77.4306411743164,13.968779563904036],[77.39705657959001,13.880540847778548],[77.3483428955081,13.896540641784668],[77.35378265380865,13.982320785522518],[77.31349182128923,14.024820327758732],[77.14733886718744,13.991621971130371],[77.12110137939459,14.042180061340389],[77.02369689941435,14.05325889587408],[77.01982879638678,14.172701835632324],[76.89142608642595,14.1589994430542],[76.97500610351568,14.06527042388916],[76.93109893798845,14.022731781005973],[77.03584289550787,13.925591468811149],[76.96839141845732,13.814390182495117],[76.99392700195324,13.741510391235408],[77.02636718750028,13.771441459655819],[77.06004333496094,13.738861083984318],[77.1665802001956,13.754669189453239],[77.12388610839844,13.849390029907227],[77.16249084472662,13.856980323791504],[77.17703247070324,13.91740036010765],[77.17880249023432,13.859840393066406],[77.23384094238287,13.894931793213004],[77.25044250488287,13.839470863342285],[77.42453002929705,13.83512973785406],[77.40866088867188,13.799251556396484],[77.4574508666995,13.797050476074219],[77.44481658935553,13.695760726928711],[77.4764862060548,13.677599906921444],[77.48734283447271,13.706791877746582],[77.52152252197294,13.687870025634766],[77.51966857910156,13.743849754333496],[77.62124633789068,13.727401733398551],[77.64908599853521,13.77583980560297],[77.70874786376959,13.732739448547363],[77.71286010742182,13.790519714355582],[77.82772064209001,13.86061954498291],[77.81829071044933,13.934881210327092],[77.91160583496088,13.89724063873291],[77.97857666015625,13.947650909423828],[77.94458007812528,13.81997108459467],[77.98516082763678,13.861669540405273],[78.03782653808605,13.852849960327262],[78.04115295410173,13.886729240417594],[78.11353302001959,13.840890884399471],[78.10537719726591,13.684400558471793],[78.05834197998064,13.666970252990666],[78.08072662353521,13.635340690612907],[78.15576171875,13.648710250854549],[78.19393920898455,13.616159439086971],[78.18327331542986,13.556380271911678],[78.2276916503908,13.587221145629996],[78.39076232910173,13.57810020446783],[78.35515594482428,13.355071067810002],[78.39737701416044,13.332331657409668],[78.36699676513678,13.320039749145621],[78.4717483520509,13.30792045593273],[78.52079772949247,13.255591392517147],[78.55565643310553,13.299429893493652],[78.57746887207026,13.262049674987907],[78.54094696044928,13.187251091003475],[78.56907653808588,13.156482696533203],[78.4515762329101,13.031532287597884],[78.45790100097673,12.963241577148665],[78.42265319824219,12.968600273132324],[78.45423889160185,12.853161811828727],[78.43582916259771,12.90067005157482],[78.34542846679693,12.928060531616211],[78.30310058593756,12.847200393676871],[78.24109649658209,12.847420692443848],[78.22064971923845,12.752590179443416],[78.12066650390625,12.770011901855526],[78.04673004150396,12.842370033264217],[78.01492309570318,12.845920562744254],[78.00148010253923,12.795439720153922],[77.94555664062494,12.849330902099723],[77.91047668457031,12.819710731506461],[77.92428588867193,12.877840042114485],[77.82559967041016,12.858989715576229],[77.78488159179693,12.833809852600211],[77.79949188232439,12.786858558654842],[77.73140716552751,12.66397953033453],[77.59033966064459,12.657541275024641],[77.57005310058611,12.557931900024414],[77.60636901855474,12.499791145324707],[77.57536315917969,12.468379974365462],[77.6252059936524,12.477261543273869],[77.62008666992193,12.408479690551871],[77.54270935058622,12.283711433410645],[77.4701766967774,12.261870384216365],[77.46566772460932,12.202260971069279],[77.72635650634777,12.1673202514649],[77.76844787597662,12.10559177398693],[77.66471099853521,11.939700126648063],[77.48439788818376,11.932399749755916],[77.4192504882813,11.75067138671875],[77.24173736572294,11.802459716796932],[77.10282897949224,11.763119697570914],[77.10929870605474,11.712800979614258],[77.00443267822294,11.803019523620605],[76.95960235595714,11.765199661254883],[76.89968872070318,11.783271789550781],[76.82847595214861,11.644109725952262],[76.83728027343756,11.574480056762695],[76.56006622314447,11.610120773315657],[76.50421142578142,11.698040962219295],[76.41020965576172,11.664569854736328],[76.40767669677734,11.753331184387264],[76.33497619628935,11.730629920959416],[76.18403625488287,11.863761901855469],[76.1080627441408,11.851181030273438],[76.10791015625006,11.970639228820914],[75.99819183349626,11.923621177673283],[75.86589813232428,11.94563007354742],[75.79968261718756,12.071181297302303],[75.6624298095706,12.091180801391602],[75.4827270507813,12.286181449890194],[75.41912841796892,12.286399841308707],[75.42138671875,12.366729736328125],[75.36560058593756,12.407040596008414],[75.41448974609403,12.496711730957259],[75.34086608886747,12.456049919128361],[75.27240753173822,12.539880752563533],[75.32785797119152,12.585181236267317],[75.27672576904303,12.611660003662223],[75.22290039062506,12.562640190124625],[75.20143127441435,12.625110626220703],[75.1429672241211,12.633310317993221],[75.15064239501959,12.67634201049816],[75.08609771728533,12.697781562805176],[75.04780578613287,12.660088539123478],[75.04966735839861,12.714699745178223],[74.9847793579101,12.729881286621037],[74.9922866821289,12.790459632873763],[74.86708068847685,12.754451751708984],[74.69040679931646,13.348469734191951],[74.72902679443376,13.2770805358889],[74.60679626464861,13.866529464721737],[74.63318634033209,13.849029541015682],[74.50152587890625,14.0226411819458],[74.35375976562506,14.502921104431096],[74.38735961914091,14.546810150146541],[74.3373641967774,14.568749427795524],[74.35597229003923,14.522079467773438],[74.3095932006836,14.520690917968693],[74.24958038330084,14.739583969116325],[74.20486450195307,14.717915534973372],[74.0926361083985,14.80319023132347],[74.13041687011724,14.839861869811955],[74.10417175292969,14.903750419616642],[74.27011871337908,14.966641426086483],[74.32190704345709,15.184069633483944],[74.25752258300781,15.257629394531364],[74.34165191650408,15.292930603027457],[74.25633239746122,15.489520072937012],[74.28727722167969,15.526000022888297],[74.2552566528322,15.654210090637207],[74.09652709960932,15.67084980011009],[74.227348327637,15.785671234130916],[74.25006866455072,15.741180419921989],[74.36485290527372,15.773651123046875],[74.38931274414057,15.844140052795467],[74.34453582763689,15.85205078125],[74.37412261962896,15.891610145568904],[74.41158294677763,15.852590560913086],[74.39186859130865,15.901159286499137],[74.4702758789063,16.040540695190487],[74.36815643310547,16.052959442138615],[74.43459320068365,16.110620498657283],[74.49640655517584,16.101579666137695],[74.5031127929688,16.231040954589844],[74.3800659179688,16.29350090026867],[74.33065795898443,16.272939682006836],[74.32546234130876,16.379249572753906],[74.36165618896479,16.36474990844738],[74.36911010742188,16.394329071045036],[74.29631805419928,16.459011077880973],[74.29989624023455,16.50263023376465],[74.25315856933611,16.494880676269588],[74.28575897216797,16.50337028503418],[74.27636718750028,16.54453277587902],[74.31411743164091,16.502098083496094],[74.32940673828153,16.553470611572266],[74.3899230957033,16.527900695800838],[74.40348052978533,16.578670501708984],[74.47245788574247,16.60481071472168],[74.47738647460966,16.660779953003157],[74.55143737792963,16.633211135864315],[74.57405090332037,16.551969528198185],[74.69037628173834,16.604459762573242],[74.66050720214872,16.637580871582088],[74.69819641113287,16.71520042419445],[74.92382049560553,16.769950866699276],[74.91195678710955,16.85593986511242],[74.96726226806658,16.905380249023494],[74.93839263916044,16.94099044799816],[75.09041595459013,16.948650360107365],[75.21585845947271,16.840339660644588],[75.28277587890625,16.874240875244254],[75.28843688964838,16.954772949218807],[75.4679107666015,16.985330581665096],[75.49249267578153,16.94289970397955],[75.57034301757807,16.963621139526367],[75.57579803466803,17.007799148559627],[75.67460632324224,16.96026992797846],[75.67224121093767,17.03573036193859],[75.6437530517581,17.03639984130865],[75.67848968505854,17.09417152404785],[75.62802124023443,17.17012023925787],[75.65988922119146,17.261440277099553],[75.57853698730463,17.382930755615348],[75.6158065795899,17.391859054565487],[75.63558959960938,17.47751045227045],[75.80233764648438,17.370101928710938],[75.82472229003918,17.42284965515131],[75.86196899414057,17.385850906372127],[75.88723754882818,17.417329788208235],[75.93115234375011,17.32411003112793],[76.0545272827149,17.354299545288313],[76.07874298095709,17.33007049560547],[76.12120819091814,17.366340637207088],[76.17575836181658,17.297210693359318],[76.17233276367205,17.348730087280273],[76.24436187744169,17.374679565429688],[76.27587890625,17.330530166626033],[76.34361267089861,17.349931716918945],[76.38170623779325,17.311809539794865],[76.40806579589844,17.369289398193416],[76.3619995117188,17.375080108642692],[76.3731765747072,17.434419631958008],[76.3336563110351,17.432292938232536],[76.37503814697294,17.493520736694393],[76.34348297119146,17.49435043334961],[76.36612701416033,17.522172927856445],[76.33167266845709,17.594869613647575],[76.4892959594726,17.660669326782227],[76.52369689941406,17.75889015197754],[76.5733032226563,17.760000228881893],[76.57322692871088,17.702169418335018],[76.61444854736345,17.76831245422369],[76.69055175781267,17.679952621460075],[76.71570587158197,17.781919479370345],[76.78816986084013,17.82647132873541],[76.73745727539062,17.85705947875988],[76.7406768798831,17.898010253906364],[76.80280303955084,17.868320465088004],[76.9164428710938,17.9150905609132],[76.91771697998064,18.03322982788086],[76.96827697753923,18.097110748291016],[76.92256164550787,18.116109848022518],[76.95410919189482,18.184890747070256],[77.10888671875006,18.15269088745123],[77.0955429077149,18.195100784301758],[77.20617675781256,18.2779598236084],[77.24022674560541,18.40864753723156],[77.33731079101557,18.43544006347662]]]]}},{"type":"Feature","properties":{"name":"Kerala","type":"State"},"geometry":{"type":"MultiPolygon","coordinates":[[],[],[],[],[],[],[],[],[],[],[],[],[],[],[],[],[],[],[],[],[],[],[],[],[],[],[],[],[],[],[],[],[],[],[],[],[],[],[],[],[],[],[],[],[[[74.99600219726591,12.787981033325252],[74.9847793579101,12.729881286621037],[75.04966735839861,12.714699745178223],[75.04780578613287,12.660088539123478],[75.08609771728533,12.697781562805176],[75.15064239501959,12.67634201049816],[75.1429672241211,12.633310317993221],[75.20143127441435,12.625110626220703],[75.22290039062506,12.562640190124625],[75.27672576904303,12.611660003662223],[75.32785797119152,12.585181236267317],[75.27091979980486,12.553540229797477],[75.33676147460943,12.457781791687182],[75.41448974609403,12.496711730957259],[75.36560058593756,12.407040596008414],[75.42138671875,12.366729736328296],[75.41912841796892,12.286399841308707],[75.4827270507813,12.286181449890364],[75.57684326171892,12.150750160217342],[75.71705627441423,12.062089920044002],[75.79534912109386,12.074231147766227],[75.87674713134771,11.940711975097884],[75.99819183349626,11.923621177673283],[76.10791015625006,11.970639228820914],[76.11653137207037,11.84304046630865],[76.18403625488287,11.863761901855469],[76.33497619628935,11.730629920959416],[76.40767669677734,11.753331184387264],[76.43421936035173,11.63352108001709],[76.22574615478533,11.564439773559798],[76.2400970458985,11.459641456604004],[76.41039276123064,11.43359088897705],[76.53820037841803,11.351590156555176],[76.54016876220714,11.292347908020076],[76.44638824462885,11.230461120605582],[76.45272064209001,11.180210113525504],[76.62303924560564,11.18567085266119],[76.69696807861357,11.231330871582031],[76.72557830810575,11.208890914917106],[76.69117736816412,11.144510269165153],[76.73871612548834,11.121290206909237],[76.73709869384783,11.047510147094727],[76.79247283935553,11.04237270355236],[76.70652008056669,11.031351089477596],[76.64916229248064,10.924152374267578],[76.81755828857416,10.861801147461051],[76.89750671386736,10.770799636841048],[76.87261962890636,10.629431724548454],[76.80499267578142,10.626340866088924],[76.81967163085938,10.295240402221793],[76.9707870483399,10.208650588989258],[77.16295623779325,10.346281051635742],[77.22216033935564,10.340300559997672],[77.24652862548828,10.220609664917049],[77.2804489135745,10.20725154876709],[77.25978088378912,10.11908054351818],[77.18779754638689,10.092501640319824],[77.26142120361345,9.963721275329817],[77.20443725585943,9.894319534301758],[77.23398590087908,9.788519859313908],[77.15187072753935,9.606019973754996],[77.25501251220709,9.56499099731451],[77.3408966064456,9.595050811767521],[77.3505477905274,9.526291847229118],[77.39623260498075,9.496541976928711],[77.26682281494146,9.290880203247298],[77.25177764892584,9.1430406570434],[77.13217926025396,9.011850357055721],[77.2415008544923,8.864782333373967],[77.21467590332031,8.775760650634993],[77.15531921386747,8.737560272216797],[77.26508331298828,8.542559623718205],[77.247543334961,8.501379966735897],[77.18649291992205,8.493371009826717],[77.20951843261713,8.437719345092717],[77.13481903076178,8.378529548645133],[77.159652709961,8.312500953674316],[77.0906982421875,8.297470092773494],[76.97541809082037,8.384580612182674],[76.5462493896485,8.902359962463436],[76.46347808837896,9.134029388427848],[76.49041748046903,9.170140266418457],[76.47070312500006,9.142359733581657],[76.42263793945318,9.24569320678711],[76.46125030517607,9.139583587646428],[76.33791351318376,9.415971755981445],[76.23735809326172,9.96542167663597],[76.29541778564459,9.91792011260992],[76.29652404785173,9.892915725708121],[76.2573623657226,9.915699958801213],[76.28458404541027,9.832638740539778],[76.29569244384794,9.889862060546875],[76.31931304931669,9.876251220703239],[76.34764099121111,9.71180629730253],[76.32068634033197,9.871250152588061],[76.37069702148455,9.820142745971793],[76.36069488525419,9.70041656494152],[76.39875030517595,9.67430496215843],[76.35708618164091,9.525416374206486],[76.48042297363287,9.511251449585188],[76.50208282470697,9.530973434448356],[76.41596984863287,9.565971374511662],[76.37735748291033,9.864862442016715],[76.34014129638666,9.919584274291992],[76.31874847412138,9.88876056671171],[76.24958038330095,10.029862403869572],[76.2645797729495,10.079310417175236],[76.2056961059572,10.147082328796387],[76.2240295410158,9.977079391479549],[76.1659698486331,10.174860954284611],[76.20263671875,10.139027595520133],[76.19152832031278,10.19431114196783],[76.15985870361357,10.188471794128418],[76.03402709960938,10.525694847107047],[76.06764221191423,10.544584274291935],[76.04152679443365,10.575421333313102],[76.03624725341808,10.510140419006518],[75.910140991211,10.79236030578619],[75.82514190673857,11.122917175293082],[75.85847473144537,11.138471603393668],[75.80180358886724,11.158193588257006],[75.82902526855486,11.180695533752726],[75.80208587646479,11.162637710571403],[75.68264007568388,11.448195457458553],[75.61736297607428,11.477083206176985],[75.54235839843767,11.68181133270275],[75.47207641601591,11.76375961303711],[75.50763702392595,11.761247634887695],[75.47486114501959,11.766529083252067],[75.50013732910185,11.798194885253906],[75.45375061035168,11.770138740539608],[75.46013641357439,11.80735969543474],[75.45402526855486,11.778471946716252],[75.29873657226557,11.94347000122076],[75.39930725097673,11.915415763855208],[75.37486267089861,11.956531524658146],[75.31791687011724,11.946249961853084],[75.26541900634766,12.007081031799316],[75.3331909179688,12.010141372680664],[75.29930877685541,12.0156888961792],[75.3393020629884,12.047637939453296],[75.3070831298831,12.034309387207031],[75.30906677246111,12.102661132812557],[75.40251922607439,12.136840820312614],[75.22306060791033,12.104840278625716],[75.23105621337908,12.024561882019327],[75.20041656494146,12.00736141204851],[75.17874908447294,12.080694198608455],[75.22013854980497,12.07014179229742],[75.17263793945341,12.085701942444075],[75.1920928955081,12.132642745971623],[75.18180847167963,12.095140457153434],[74.86653137207026,12.752640724182129],[74.99600219726591,12.787981033325252]]]]}},{"type":"Feature","properties":{"name":"Lakshadweep","type":"Union Territor"},"geometry":{"type":"MultiPolygon","coordinates":[[],[],[],[],[],[],[],[],[],[],[],[],[],[],[],[],[],[],[],[],[],[],[],[]]}},{"type":"Feature","properties":{"name":"Madhya Pradesh","type":"State"},"geometry":{"type":"Polygon","coordinates":[[[78.36464691162126,26.86884117126465],[78.38973999023466,26.824899673462085],[78.56584930419922,26.7576904296875],[78.71534729003935,26.80021286010765],[78.86492919921892,26.704669952392635],[78.94814300537115,26.696741104125977],[78.93791198730497,26.66269111633312],[78.99317932128912,26.684570312500114],[78.97962188720709,26.57407951354992],[79.06093597412138,26.50329971313488],[79.04846191406256,26.456050872802734],[79.126762390137,26.444810867309798],[79.07679748535185,26.362691879272518],[79.13374328613287,26.344970703125],[79.03703308105474,26.26699066162115],[79.05705261230474,26.232891082763672],[78.97737884521496,26.195499420166016],[79.00071716308594,26.15497970581066],[78.9426727294923,26.13914108276373],[79.00315093994169,26.081792831421012],[78.84662628173845,25.860500335693473],[78.8619232177735,25.799198150634822],[78.81124877929699,25.83012008667015],[78.82050323486345,25.799400329589787],[78.74681854248075,25.749090194702205],[78.81133270263689,25.67448043823265],[78.80519104003935,25.624557495117188],[78.64862060546875,25.565639495849723],[78.42933654785162,25.56385993957531],[78.42072296142595,25.477619171142635],[78.3475875854495,25.454839706421012],[78.29551696777372,25.374799728393555],[78.44291687011724,25.128770828247127],[78.32776641845732,25.08876991271967],[78.32753753662115,24.99955940246582],[78.16380310058611,24.85709953308117],[78.26847839355463,24.66710090637207],[78.25888824462902,24.5581893920899],[78.21971893310553,24.522779464721623],[78.36094665527372,24.38578987121582],[78.32599639892584,24.329618453979492],[78.38236999511736,24.273929595947322],[78.50537109374994,24.39394950866705],[78.66912078857428,24.245019912719727],[78.76027679443365,24.258489608764705],[78.79168701171892,24.180240631103572],[78.87886047363298,24.22305107116705],[78.96687316894537,24.353660583496094],[78.98438262939459,24.441360473632926],[78.9085922241211,24.466770172119197],[78.91381072998053,24.500841140747298],[78.96639251708984,24.4969482421875],[78.8817214965822,24.63969993591303],[78.7494659423831,24.604980468750114],[78.78054046630871,24.81497192382824],[78.62204742431652,24.964900970458984],[78.64192962646479,25.0614910125733],[78.59716796875017,25.097871780395565],[78.56858062744146,25.258609771728516],[78.42736053466791,25.2886714935305],[78.52507781982422,25.306529998779354],[78.52514648437511,25.363012313842773],[78.57621765136724,25.35193061828619],[78.56112670898438,25.395692825317383],[78.65271759033209,25.444000244140682],[78.70140075683622,25.428859710693473],[78.65789031982428,25.387979507446346],[78.76438140869135,25.35840034484869],[78.74314117431646,25.412700653076115],[78.81291198730474,25.430427551269588],[78.75506591796892,25.433851242065487],[78.73175048828153,25.500650405883846],[78.82985687255876,25.46569061279297],[78.83426666259771,25.432460784912166],[78.85717010498053,25.46714019775385],[78.82832336425798,25.509981155395508],[78.88553619384783,25.560770034790096],[78.94168853759771,25.55144119262701],[78.90322875976591,25.4469375610351],[78.96012878417986,25.438890457153377],[78.97850799560553,25.37601280212408],[78.92862701416016,25.351800918579045],[78.89245605468756,25.375297546386776],[78.94935607910185,25.400159835815373],[78.87474822998053,25.38765907287592],[78.78328704833984,25.303180694580192],[78.84175109863287,25.229160308838004],[78.876518249512,25.34445953369152],[78.9557723999024,25.347761154174805],[78.97004699707048,25.28520965576172],[78.87217712402361,25.250789642333984],[78.87713623046892,25.162181854248104],[78.94834136962896,25.220180511474666],[78.99581146240234,25.195938110351562],[78.97116851806658,25.244920730590877],[79.00496673583984,25.276969909668082],[79.05644226074236,25.225709915161246],[79.02176666259771,25.143190383911133],[79.08429718017595,25.19252967834467],[79.12433624267595,25.11186981201172],[79.1793060302735,25.117692947387752],[79.18485260009771,25.151132583618278],[79.2383804321289,25.116369247436523],[79.21391296386747,25.148380279541016],[79.24584197998064,25.161960601806697],[79.27654266357439,25.12026023864769],[79.3145370483399,25.151878356933594],[79.27359771728527,25.248119354248047],[79.34696197509771,25.214241027831974],[79.340087890625,25.27276039123541],[79.25650787353533,25.279470443725586],[79.30422210693376,25.339849472046012],[79.34588623046886,25.333040237426815],[79.35296630859403,25.265380859375],[79.367416381836,25.29432106018072],[79.41530609130871,25.259220123291016],[79.49040222167974,25.27034950256342],[79.38387298584013,25.170280456543196],[79.39914703369135,25.113460540771484],[79.46837615966825,25.13445091247553],[79.48987579345709,25.082750320434627],[79.56552124023455,25.177551269531307],[79.59787750244169,25.131431579589957],[79.74563598632818,25.143882751464844],[79.84921264648443,25.096981048584098],[79.84713745117199,25.240200042724666],[79.99672698974604,25.268650054931754],[80.02073669433622,25.34316062927246],[80.12329864501959,25.338430404663143],[80.25586700439459,25.428710937500057],[80.3107528686524,25.387317657470646],[80.30404663085955,25.288892745971737],[80.39906311035162,25.242969512939453],[80.42369842529303,25.17414283752464],[80.28195953369146,25.063220977783317],[80.26693725585949,25.030242919921875],[80.3141021728515,25.003509521484375],[80.38739013671892,25.01242065429699],[80.36576080322294,25.057760238647575],[80.40991973876953,25.076719284057617],[80.49420928955095,25.045320510864258],[80.47612762451178,25.102251052856502],[80.60678100585943,25.07217979431158],[80.5945892333985,25.155241012573185],[80.6323928833009,25.123281478881893],[80.6013565063476,25.104408264160156],[80.6792602539063,25.081819534301985],[80.673568725586,25.054170608520735],[80.77593994140625,25.061691284179688],[80.69963836669939,25.137149810791016],[80.79957580566423,25.14641761779785],[80.82769775390636,25.110309600830135],[80.83628082275402,25.192680358886662],[80.8780364990235,25.195600509643782],[80.90492248535162,25.1603107452392],[80.80220031738276,24.944459915161133],[81.07641601562511,24.95226097106945],[81.13244628906256,24.89207077026373],[81.16143035888678,24.958511352539062],[81.21260833740246,24.93452072143549],[81.20169830322271,24.995729446411133],[81.26158905029303,25.068460464477596],[81.26911926269526,25.167739868164062],[81.30638885498053,25.165992736816406],[81.31466674804716,25.11629104614252],[81.32995605468744,25.172491073608455],[81.43022155761724,25.133630752563477],[81.40084838867193,25.107770919799805],[81.48372650146501,25.074939727783203],[81.5075759887697,25.10680961608881],[81.47287750244158,25.137121200561467],[81.56639862060553,25.195749282837028],[81.61898803710938,25.159650802612305],[81.60434722900396,25.060749053955192],[81.65869140625006,25.079730987548828],[81.78922271728544,25.010139465331974],[81.89846801757818,25.009620666503906],[81.89644622802729,24.89250946044922],[81.95915222167997,24.830610275268498],[82.00489044189459,24.850690841674805],[82.1121902465822,24.792261123657283],[82.19596862792974,24.82452964782715],[82.17288208007812,24.739570617675838],[82.21375274658209,24.728660583496094],[82.24365997314459,24.775751113891715],[82.22992706298834,24.669639587402457],[82.29641723632807,24.670011520385685],[82.29393005371088,24.613740921020565],[82.40917205810564,24.597829818725813],[82.42015075683605,24.7052516937257],[82.52926635742216,24.651960372924805],[82.65792846679693,24.700397491455305],[82.79637145996111,24.59976005554205],[82.80076599121111,24.55268096923851],[82.71253204345709,24.55621910095215],[82.73654937744146,24.499771118164062],[82.70716094970709,24.38517951965332],[82.7605819702149,24.37304115295416],[82.76413726806658,24.292430877685604],[82.72036743164074,24.138990402221793],[82.65738677978521,24.134798049926815],[82.7662582397461,24.077867507934684],[82.74199676513689,24.021400451660156],[82.8077774047851,23.963058471679688],[82.65651702880854,23.907861709594783],[82.62951660156256,23.839000701904297],[82.49665069580107,23.785049438476506],[82.22614288330084,23.806932449340877],[82.20388793945341,23.85299110412609],[82.04540252685541,23.8205890655517],[81.91644287109403,23.872989654541243],[81.81172943115263,23.809499740600643],[81.71906280517572,23.8404293060305],[81.66159820556652,23.925598144531364],[81.596908569336,23.889022827148438],[81.68728637695318,23.721349716186523],[81.56973266601562,23.588649749755973],[81.60704803466808,23.506889343261776],[81.73603057861322,23.567430496215934],[81.82717895507841,23.51128959655773],[81.91635894775396,23.532091140747127],[81.9761199951173,23.413110733032283],[82.01597595214855,23.42350959777832],[82.04573822021496,23.377870559692496],[82.09848022460955,23.39770126342779],[82.18585968017584,23.325389862060774],[82.15107727050776,23.14174079895031],[82.11588287353521,23.103799819946232],[81.93810272216803,23.077810287475586],[81.9402465820313,22.957090377807617],[81.76940155029325,22.87350845336914],[81.76272583007841,22.663589477539062],[81.65654754638689,22.63200187683117],[81.61579132080084,22.539020538330135],[81.51906585693365,22.53998184204113],[81.39655303955095,22.441320419311523],[81.37873840332043,22.505300521850643],[81.32293701171892,22.524330139160156],[81.30396270751964,22.481750488281364],[81.27546691894548,22.4994411468507],[81.21839141845703,22.451650619506836],[81.18004608154291,22.4901504516601],[81.10999298095714,22.441120147705135],[81.1138458251956,22.29438018798851],[81.0194473266601,22.229190826416016],[81.01579284667997,22.132709503173885],[80.97175598144526,22.12148094177246],[81.00427246093756,22.070020675659407],[80.97885131835955,22.048311233520508],[80.9505233764649,22.11301040649414],[80.90608978271496,22.11444091796875],[80.81844329834001,21.956790924072266],[80.84117126464844,21.85645294189476],[80.81120300292986,21.747491836547795],[80.74297332763678,21.757961273193416],[80.7185287475586,21.711860656738338],[80.73021697998053,21.472051620483455],[80.6629180908206,21.337339401245117],[80.5931625366211,21.324790954589844],[80.48549652099615,21.397638320922965],[80.40336608886713,21.37648963928234],[80.3706130981447,21.52096939086914],[80.26022338867193,21.620149612426815],[80.18821716308588,21.634201049804688],[80.06356811523443,21.554580688476676],[79.9363861083985,21.556800842285384],[79.91581726074247,21.52448081970215],[79.73262023925781,21.602529525757063],[79.53662109375011,21.544218063354606],[79.488578796387,21.674121856689453],[79.22869110107439,21.72392845153803],[79.21990203857439,21.650810241699276],[79.1478271484375,21.660520553589095],[79.08808898925798,21.599189758300895],[78.91323852539068,21.59235954284668],[78.93183135986357,21.48740005493164],[78.77218627929716,21.4671306610108],[78.74648284912126,21.49386978149414],[78.72418975830095,21.46438026428234],[78.50856018066418,21.52843284606928],[78.43009948730474,21.50175094604498],[78.4225616455081,21.601949691772518],[78.37951660156267,21.61865043640131],[78.36096191406278,21.578298568725643],[78.26612091064459,21.59428024292015],[78.18094635009766,21.558681488037223],[78.1693420410158,21.49850082397461],[77.9387817382813,21.386909484863395],[77.79936981201178,21.412300109863395],[77.73387908935564,21.364730834961165],[77.69113159179688,21.397069931030273],[77.58444213867199,21.364479064941406],[77.48702239990263,21.377750396728516],[77.41696929931646,21.533060073852653],[77.6071166992188,21.54277038574213],[77.57099914550798,21.562620162963867],[77.54218292236345,21.701030731201172],[77.47547149658209,21.771440505981502],[77.28623962402361,21.762750625610295],[77.28314971923828,21.724220275878906],[77.20742034912104,21.694009780883846],[77.07232666015636,21.722930908203352],[76.90112304687517,21.600809097289982],[76.7953491210938,21.5975399017334],[76.76293182373053,21.522649765014762],[76.78418731689453,21.466489791870117],[76.624526977539,21.33510017395031],[76.6610717773438,21.282421112060604],[76.6233673095706,21.192659378051758],[76.48737335205107,21.196060180664062],[76.45269012451172,21.114868164062727],[76.37637329101591,21.07731056213379],[76.17263793945341,21.0846004486084],[76.11396026611345,21.164640426635856],[76.17272186279314,21.188289642333928],[76.0986709594726,21.37392807006836],[75.21985626220709,21.410869598388786],[75.11509704589861,21.45956039428711],[75.05774688720709,21.564939498901424],[74.9018783569336,21.630229949951115],[74.78906250000028,21.61086082458496],[74.5588760375976,21.682081222534237],[74.51122283935564,21.72674942016596],[74.52749633789068,21.908781051635742],[74.44863891601562,21.971130371093864],[74.44603729248053,22.026519775390625],[74.28971099853544,21.935791015625227],[74.14601898193365,21.954059600830192],[74.15384674072271,21.986419677734318],[74.09770202636736,22.01545906066889],[74.18070983886719,22.08660125732422],[74.13027191162138,22.097709655761776],[74.12277984619146,22.212900161743164],[74.07578277587908,22.22187805175787],[74.07198333740251,22.360240936279297],[74.19106292724615,22.321929931640568],[74.20680236816423,22.367620468139762],[74.29418182373064,22.394468307495345],[74.19082641601568,22.477880477905387],[74.1230010986331,22.420810699463004],[74.08526611328153,22.508518218994254],[74.0370864868164,22.491510391235465],[74.04463958740263,22.542121887207088],[74.15332031250011,22.517419815063533],[74.26535797119158,22.64483070373541],[74.38108825683622,22.638639450073356],[74.47891998291044,22.858640670776367],[74.45147705078153,22.923999786376953],[74.40038299560547,22.899379730224553],[74.36202239990263,22.933090209960938],[74.32277679443376,23.062690734863395],[74.3911895751956,23.11199951171875],[74.51228332519543,23.088830947876204],[74.66915893554705,23.201490402221737],[74.74569702148443,23.21211051940918],[74.69500732421886,23.223079681396484],[74.70114898681669,23.272142410278377],[74.55346679687506,23.282520294189567],[74.51830291748064,23.3287296295166],[74.61338043212919,23.46136093139654],[74.93972015380871,23.630371093749943],[74.90567779541033,23.87391090393072],[74.99298858642572,24.029701232910213],[74.88112640380865,24.213502883911076],[74.89428710937506,24.261680603027457],[74.75280761718778,24.28265953063965],[74.85813140869135,24.467332839965934],[74.71193695068365,24.510940551757926],[74.81710815429716,24.67167091369629],[74.77527618408209,24.68773078918457],[74.79931640625006,24.79564094543457],[74.89285278320307,24.655349731445426],[74.99989318847673,24.708488464355526],[75.02137756347685,24.772859573364315],[74.84889221191412,24.792659759521484],[74.8327102661134,24.96745109558111],[74.944808959961,24.877910614013672],[75.04338836669939,24.859228134155217],[75.11886596679682,24.889039993286246],[75.15912628173828,25.04547119140625],[75.34558868408209,25.042800903320312],[75.31387329101568,24.900440216064453],[75.27590179443376,24.9767303466798],[75.29308319091803,24.923179626464787],[75.26145172119146,24.88965988159191],[75.42421722412138,24.8927516937257],[75.4170989990235,24.863901138305607],[75.3057327270509,24.813329696655273],[75.20819091796892,24.909999847412166],[75.25192260742193,24.837169647216854],[75.18551635742193,24.76805114746105],[75.2169494628908,24.722410202026424],[75.45189666748041,24.693218231201286],[75.58190155029303,24.722700119018555],[75.61332702636724,24.688421249389705],[75.75968170166027,24.764799118042106],[75.8387527465822,24.72986984252924],[75.82814788818365,24.613349914550838],[75.91739654541021,24.57147979736328],[75.9089965820313,24.456140518188477],[75.84725189209013,24.418970108032227],[75.79113006591803,24.47520256042486],[75.72688293457043,24.40527915954584],[75.82688140869135,24.246410369873047],[75.77350616455095,24.22089195251465],[75.74349212646513,24.13960075378418],[75.83579254150402,24.111351013183707],[75.8337631225586,24.075429916381893],[75.70040893554716,23.96906089782709],[75.6691970825197,24.03354263305664],[75.58383941650419,23.991920471191634],[75.51438140869146,24.048732757568473],[75.45649719238298,23.920740127563477],[75.56062316894531,23.85995101928711],[75.58252716064482,23.800359725952205],[75.65183258056658,23.80194854736351],[75.68447875976568,23.760568618774414],[75.7291107177735,23.85820960998535],[75.7023315429687,23.904050827026367],[75.77706146240263,23.853870391845703],[75.97582244873075,23.932939529418945],[75.96018218994169,24.025369644165096],[76.1346969604495,24.095289230346793],[76.12132263183605,24.19639015197754],[76.18548583984392,24.331510543823242],[76.21556854248075,24.216808319091797],[76.32689666748053,24.253618240356445],[76.41443634033209,24.20742034912115],[76.46994781494146,24.231399536132812],[76.53143310546903,24.16346931457531],[76.57972717285156,24.180679321289062],[76.58802032470709,24.24955940246582],[76.69296264648466,24.28504943847662],[76.67420959472662,24.193429946899528],[76.70114135742193,24.171440124511832],[76.75499725341791,24.17209053039562],[76.80111694335966,24.120340347290096],[76.89994049072294,24.13111114501953],[76.94444274902361,24.206291198730526],[76.84017944335943,24.338720321655217],[76.85132598876953,24.469108581543026],[76.81459045410162,24.53437042236351],[76.91287231445324,24.54356956481928],[76.9146499633789,24.487659454345703],[76.96531677246105,24.460861206054688],[77.06469726562511,24.569910049438533],[77.02665710449236,24.71092033386236],[76.95173645019537,24.765460968017635],[76.84729766845732,24.750400543212947],[76.80158233642595,24.819839477539062],[76.9489212036134,24.872869491577376],[76.85434722900419,25.010311126708984],[76.99372863769537,25.079950332641715],[77.11445617675787,25.069089889526367],[77.16957855224615,25.113719940185774],[77.26226043701178,25.119260787963867],[77.30285644531256,25.08386993408226],[77.39852905273432,25.11327171325695],[77.39070892333979,25.18819046020502],[77.41799163818354,25.193029403686523],[77.349662780762,25.271770477294922],[77.37178802490263,25.320220947265682],[77.33641815185547,25.325580596923828],[77.361343383789,25.41296005249029],[77.28298187255876,25.423589706421012],[77.20514678955078,25.311429977417106],[77.0754699707033,25.33969116210949],[76.94182586669928,25.275360107421932],[76.89322662353527,25.32240104675293],[76.77009582519548,25.312191009521484],[76.56427764892578,25.442401885986442],[76.48239135742216,25.718130111694336],[76.53061676025396,25.733970642089957],[76.52931213378935,25.79797172546398],[76.59272766113298,25.874168395996037],[76.74546813964844,25.90923118591303],[76.88777923584001,26.093322753906193],[77.12403106689482,26.23795127868658],[77.203109741211,26.237400054931754],[77.33467102050798,26.357231140136776],[77.43676757812506,26.36814117431652],[77.42771911621088,26.40690994262718],[77.5228805541995,26.414911270141715],[77.81299591064447,26.554809570312557],[77.8945770263673,26.66221046447754],[77.99221801757818,26.70264053344721],[78.08573913574247,26.68305015563965],[78.10552215576178,26.800752639770565],[78.17611694335966,26.791492462158317],[78.16757202148432,26.831951141357365],[78.26088714599626,26.82094955444336],[78.28206634521501,26.86408805847168],[78.36464691162126,26.86884117126465]]]}},{"type":"Feature","properties":{"name":"Maharashtra","type":"State"},"geometry":{"type":"MultiPolygon","coordinates":[[],[],[],[],[],[],[],[],[],[],[],[],[],[],[],[],[],[],[[[74.43554687500006,22.030998229980526],[74.44863891601562,21.971130371093864],[74.52749633789068,21.908781051635742],[74.5117568969726,21.724950790405273],[74.5905532836914,21.66415977478033],[74.79308319091825,21.610338211059513],[74.9018783569336,21.630229949951115],[75.05774688720709,21.564939498901424],[75.12297821044928,21.45333290100109],[75.30190277099615,21.389249801635742],[76.0986709594726,21.37392807006836],[76.17272186279314,21.188289642333928],[76.1143188476562,21.17045974731451],[76.13566589355497,21.126211166381836],[76.16864776611357,21.085821151733455],[76.28176879882841,21.07530975341797],[76.45269012451172,21.114868164062727],[76.49117279052763,21.197820663452205],[76.6233673095706,21.192659378051758],[76.6610717773438,21.282421112060604],[76.624526977539,21.33510017395031],[76.78418731689453,21.466489791870117],[76.76293182373053,21.522649765014762],[76.7953491210938,21.5975399017334],[76.90112304687517,21.600809097289982],[77.07232666015636,21.722930908203352],[77.20742034912104,21.694009780883846],[77.28314971923828,21.724220275878906],[77.28623962402361,21.762750625610295],[77.47547149658209,21.771440505981502],[77.54218292236345,21.701030731201172],[77.57099914550798,21.562620162963867],[77.6071166992188,21.54277038574213],[77.41696929931646,21.533060073852653],[77.48702239990263,21.377750396728516],[77.58444213867199,21.364479064941406],[77.69113159179688,21.397069931030273],[77.73387908935564,21.364730834961165],[77.79936981201178,21.412300109863395],[77.9387817382813,21.386909484863395],[78.1693420410158,21.49850082397461],[78.18094635009766,21.558681488037223],[78.26612091064459,21.59428024292015],[78.36096191406278,21.578298568725643],[78.37951660156267,21.61865043640131],[78.4225616455081,21.601949691772518],[78.43009948730474,21.50175094604498],[78.50856018066418,21.52843284606928],[78.72418975830095,21.46438026428234],[78.74648284912126,21.49386978149414],[78.77218627929716,21.4671306610108],[78.93183135986357,21.48740005493164],[78.91323852539068,21.59235954284668],[79.08808898925798,21.599189758300895],[79.1478271484375,21.660520553589095],[79.21990203857439,21.650810241699276],[79.22869110107439,21.72392845153803],[79.488578796387,21.674121856689453],[79.53662109375011,21.544218063354606],[79.73262023925781,21.602529525757063],[79.91581726074247,21.52448081970215],[79.9363861083985,21.556800842285384],[80.06356811523443,21.554580688476676],[80.18821716308588,21.634201049804688],[80.26022338867193,21.620149612426815],[80.3706130981447,21.52096939086914],[80.40336608886713,21.37648963928234],[80.51140594482428,21.391860961914176],[80.67378997802763,21.30908012390131],[80.60344696044916,21.227422714233512],[80.45729827880871,21.172840118408146],[80.43331909179682,21.09715080261242],[80.45555877685553,20.932109832763786],[80.54183959960932,20.93391990661621],[80.58011627197271,20.683641433715877],[80.4815979003908,20.61709976196289],[80.5119018554687,20.585119247436523],[80.62232208251982,20.603862762451286],[80.5860214233399,20.395610809326115],[80.61776733398438,20.33368110656744],[80.38295745849604,20.241720199584904],[80.41398620605474,20.1902313232423],[80.3938369750976,20.144020080566463],[80.49803161621111,20.138919830322266],[80.54615783691412,20.065710067749023],[80.52037811279303,19.93087959289562],[80.40629577636719,19.932500839233512],[80.4975204467774,19.8687496185305],[80.39470672607428,19.79457855224615],[80.47808837890636,19.772409439087028],[80.46916198730497,19.824661254882812],[80.54242706298828,19.819271087646484],[80.53967285156256,19.77459907531744],[80.66584014892578,19.692211151123047],[80.65685272216791,19.612260818481445],[80.82760620117205,19.562671661376896],[80.89206695556658,19.465681076049805],[80.78793334960955,19.426700592041016],[80.84500885009771,19.36091041564947],[80.74923706054688,19.286741256713867],[80.68860626220709,19.283489227294922],[80.67189025878935,19.32644844055187],[80.61015319824236,19.307140350341797],[80.56781768798845,19.400920867919865],[80.47558593750006,19.33504295349121],[80.3791809082033,19.23261070251465],[80.26772308349638,18.98732948303234],[80.34622192382818,18.81108093261713],[80.24215698242216,18.759748458862305],[80.2466659545899,18.70132064819336],[80.11081695556658,18.676189422607422],[79.89401245117193,18.830839157104606],[79.93900299072271,18.85889244079584],[79.93448638916027,19.02169990539545],[79.85958862304682,19.034629821777344],[79.85804748535185,19.104110717773438],[79.94320678710943,19.170600891113224],[79.92016601562506,19.226409912109602],[79.97305297851591,19.401020050049055],[79.78542327880876,19.5935897827149],[79.63971710205095,19.57500076293951],[79.59805297851591,19.503770828247127],[79.54265594482428,19.54852294921875],[79.4704208374024,19.49745178222662],[79.24386596679716,19.612552642822493],[79.22293853759783,19.46779060363781],[79.17778778076178,19.460691452026367],[79.1028671264649,19.527950286865178],[78.95455169677729,19.551830291748047],[78.9689559936524,19.649232864379883],[78.8588027954101,19.656311035156307],[78.84562683105497,19.758350372314396],[78.60365295410173,19.817501068115234],[78.49391937255854,19.793149948120117],[78.31019592285168,19.91274070739746],[78.2941284179688,19.849550247192383],[78.3677368164063,19.781080245971793],[78.3452758789063,19.713569641113338],[78.26972198486334,19.66312980651861],[78.3109893798831,19.60417938232422],[78.27910614013683,19.558200836181697],[78.308891296387,19.456409454345817],[78.18216705322271,19.411769866943473],[78.1700592041015,19.236330032348633],[78.0511322021485,19.241760253906193],[77.94892120361334,19.341279983520735],[77.8608779907226,19.302129745483512],[77.90570831298828,19.26721954345726],[77.84654998779325,19.196979522705192],[77.84813690185564,19.090080261230582],[77.80265045166027,19.10196113586437],[77.75739288330084,19.028551101684513],[77.94255065917986,18.822290420532454],[77.83746337890642,18.807460784912337],[77.78643798828136,18.684120178222713],[77.75762939453136,18.707090377807617],[77.73285675048857,18.676000595092773],[77.7365112304687,18.554809570312557],[77.59726715087919,18.54754066467285],[77.60106658935575,18.474210739135742],[77.54619598388689,18.463382720947322],[77.58521270751964,18.445449829101562],[77.5259399414062,18.42735099792486],[77.55520629882818,18.417852401733455],[77.51950073242205,18.34925270080572],[77.57022857666033,18.308179855346737],[77.4653930664063,18.259960174560547],[77.43637084960943,18.306491851806584],[77.36252593994158,18.308290481567496],[77.41011047363293,18.388530731201172],[77.3697509765625,18.400709152221793],[77.36962890625006,18.447650909423828],[77.31741333007824,18.45379066467308],[77.24022674560541,18.40864753723156],[77.20617675781256,18.2779598236084],[77.0955429077149,18.195100784301758],[77.10888671875006,18.15269088745123],[76.95410919189482,18.184890747070256],[76.92256164550787,18.116109848022518],[76.96827697753923,18.097110748291016],[76.91771697998064,18.03322982788086],[76.9164428710938,17.9150905609132],[76.80280303955084,17.868320465088004],[76.7406768798831,17.898010253906364],[76.73745727539062,17.85705947875988],[76.78816986084013,17.82647132873541],[76.71570587158197,17.781919479370345],[76.69055175781267,17.679952621460075],[76.61444854736345,17.76831245422369],[76.57322692871088,17.702169418335018],[76.5733032226563,17.760000228881893],[76.52369689941406,17.75889015197754],[76.4892959594726,17.660669326782227],[76.33167266845709,17.594869613647575],[76.36612701416033,17.522172927856445],[76.34348297119146,17.49435043334961],[76.37503814697294,17.493520736694393],[76.3336563110351,17.432292938232536],[76.3731765747072,17.434419631958008],[76.3619995117188,17.375080108642692],[76.40806579589844,17.369289398193416],[76.38170623779325,17.311809539794865],[76.34361267089861,17.349931716918945],[76.27587890625,17.330530166626033],[76.24436187744169,17.374679565429688],[76.17233276367205,17.348730087280273],[76.17575836181658,17.297210693359318],[76.12120819091814,17.366340637207088],[76.07874298095709,17.33007049560547],[76.0545272827149,17.354299545288313],[75.93115234375011,17.32411003112793],[75.88723754882818,17.417329788208235],[75.86196899414057,17.385850906372127],[75.82472229003918,17.42284965515131],[75.80233764648438,17.370101928710938],[75.63558959960938,17.47751045227045],[75.6158065795899,17.391859054565487],[75.57853698730463,17.382930755615348],[75.65988922119146,17.261440277099553],[75.62802124023443,17.17012023925787],[75.67848968505854,17.09417152404785],[75.6437530517581,17.03639984130865],[75.67224121093767,17.03573036193859],[75.67460632324224,16.96026992797846],[75.57579803466803,17.007799148559627],[75.57034301757807,16.963621139526367],[75.49249267578153,16.94289970397955],[75.4679107666015,16.985330581665096],[75.28843688964838,16.954772949218807],[75.28277587890625,16.874240875244254],[75.21585845947271,16.840339660644588],[75.09041595459013,16.948650360107365],[74.93839263916044,16.94099044799816],[74.96726226806658,16.905380249023494],[74.91195678710955,16.85593986511242],[74.92382049560553,16.769950866699276],[74.69819641113287,16.71520042419445],[74.66050720214872,16.637580871582088],[74.69037628173834,16.604459762573242],[74.57405090332037,16.551969528198185],[74.55143737792963,16.633211135864315],[74.47738647460966,16.660779953003157],[74.47245788574247,16.60481071472168],[74.40348052978533,16.578670501708984],[74.3899230957033,16.527900695800838],[74.32940673828153,16.553470611572266],[74.31411743164091,16.502098083496094],[74.27155303955084,16.53866004943859],[74.28575897216797,16.50337028503418],[74.25315856933611,16.494880676269588],[74.29989624023455,16.50263023376465],[74.29631805419928,16.459011077880973],[74.36911010742188,16.394329071045036],[74.36165618896479,16.36474990844738],[74.32546234130876,16.379249572753906],[74.33383941650408,16.26807022094738],[74.42122650146484,16.280590057373104],[74.51329803466797,16.20122909545904],[74.48908996582048,16.087320327758846],[74.43459320068365,16.110620498657283],[74.36815643310547,16.052959442138615],[74.4702758789063,16.040540695190487],[74.39186859130865,15.901159286499137],[74.41158294677763,15.852590560913086],[74.37412261962896,15.891610145568904],[74.34453582763689,15.85205078125],[74.38931274414057,15.844140052795467],[74.36485290527372,15.773651123046875],[74.25006866455072,15.741180419921989],[74.227348327637,15.785671234130916],[74.13062286376964,15.7179212570191],[74.13359832763672,15.678400993347225],[74.09652709960932,15.67084980011009],[74.12275695800787,15.645220756530819],[74.0279312133789,15.604599952697868],[73.97598266601557,15.62894153594982],[73.94536590576178,15.741521835327092],[73.88244628906256,15.749350547790641],[73.8734970092774,15.795321464538631],[73.7975692749024,15.725091934204102],[73.67708587646513,15.725417137146223],[73.5904159545899,15.912361145019759],[73.50985717773455,15.937360763550089],[73.45486450195341,16.05513954162626],[73.44736480712896,16.224582672119254],[73.42986297607433,16.199031829834098],[73.41097259521496,16.273469924926815],[73.43569946289062,16.286529541015625],[73.38540649414068,16.336530685425032],[73.41124725341814,16.362083435058594],[73.36791992187494,16.363470077514762],[73.40541839599615,16.40486145019554],[73.36541748046903,16.39763832092291],[73.31624603271484,16.51346969604498],[73.31817626953142,16.55652809143072],[73.34902954101591,16.504301071166992],[73.39013671875006,16.51431083679205],[73.34570312500006,16.55652809143072],[73.39402770996122,16.55264091491722],[73.31680297851557,16.600969314575252],[73.35263824462919,16.596530914306754],[73.30541992187517,16.729305267333928],[73.33319091796903,16.81653022766119],[73.29541778564482,16.816791534424112],[73.31346893310553,16.889030456542912],[73.27708435058622,16.892084121704386],[73.29430389404291,16.985971450805607],[73.2543029785158,17.02736091613764],[73.28930664062528,17.006820678711165],[73.28430938720709,17.040138244628906],[73.3198623657226,17.038194656372355],[73.27847290039057,17.040418624878043],[73.29819488525396,17.07847213745123],[73.18930816650396,17.297920227051065],[73.24402618408209,17.307361602783317],[73.16708374023432,17.405138015747127],[73.20569610595709,17.43902969360346],[73.13708496093761,17.555973052978516],[73.16847229003923,17.58236122131359],[73.08735656738276,17.838750839233455],[73.13263702392584,17.83013916015642],[73.05014038085966,17.906806945800724],[73.09236145019548,17.940694808959904],[73.02960205078142,17.944311141967887],[73.00208282470732,18.021249771118278],[73.0454177856447,18.041530609130973],[72.98986053466825,18.055139541626033],[72.98764038085955,18.195140838623047],[72.93096923828125,18.220417022705192],[72.93541717529303,18.281530380249137],[72.96457672119158,18.280139923095817],[72.98152923584001,18.242080688476676],[73.06930541992193,18.222082138061523],[73.0881958007813,18.151527404785156],[73.04292297363281,18.29707908630394],[73.08625030517595,18.287916183471737],[73.08790588378935,18.326810836791992],[73.0279159545899,18.264305114746094],[72.91401672363298,18.354852676391715],[72.89541625976574,18.472642898559627],[72.92846679687494,18.541810989379826],[72.85514068603521,18.696809768676815],[72.86930847167997,18.80458259582548],[72.98264312744135,18.809579849243278],[72.98874664306635,18.86597251892107],[72.92652893066435,18.850971221923885],[72.90791320800798,18.902084350585938],[72.95764160156278,18.908472061157454],[72.95569610595732,18.974029541015625],[73.03234863281256,18.99930953979498],[72.96319580078125,19.0584716796875],[72.90930175781256,18.991249084472713],[72.86207580566435,19.002918243408203],[72.80764007568365,18.890970230102596],[72.82986450195307,19.18236351013195],[72.79347229003923,19.129859924316406],[72.78013610839861,19.166250228881893],[72.83957672119169,19.267360687255973],[72.7823638916015,19.193195343017692],[72.79902648925781,19.331251144409237],[72.7445831298831,19.462921142578352],[72.78624725341797,19.52597236633312],[72.76486206054705,19.504304885864258],[72.71819305419928,19.53874969482439],[72.73792266845697,19.597919464111442],[72.69374847412115,19.7293128967288],[72.71930694580084,19.755140304565543],[72.69346618652372,19.73569107055664],[72.69568634033209,19.804861068725813],[72.6506958007813,19.854310989379883],[72.69013977050787,19.95819473266613],[72.75485992431669,19.927360534668196],[72.70764160156267,20.070140838623104],[72.73764038085943,20.13653945922863],[72.83534240722668,20.144641876220703],[72.8745422363283,20.225809097289982],[72.97042846679682,20.212329864501953],[72.9732284545899,20.130800247192496],[73.01747894287115,20.134958267212028],[73.0452728271485,20.071781158447266],[73.09844970703142,20.093669891357365],[73.18144226074236,20.05162048339838],[73.31114959716797,20.207210540771484],[73.42682647705107,20.2015705108642],[73.39134979248075,20.390199661254996],[73.50074005126953,20.540241241455078],[73.40158081054693,20.649209976196403],[73.45868682861357,20.714319229125977],[73.49843597412126,20.653419494628906],[73.53837585449224,20.673860549926758],[73.67070770263678,20.5623397827149],[73.83828735351562,20.61576080322277],[73.82264709472656,20.693820953369368],[73.94953155517595,20.7423095703125],[73.90644836425787,20.98315048217779],[73.77485656738287,21.01045036315918],[73.75260925292997,21.11408996582037],[73.65994262695307,21.108379364013615],[73.58830261230474,21.167900085449446],[73.63639831542974,21.13265991210949],[73.82254791259771,21.171920776367244],[73.83213806152372,21.2674503326416],[73.94848632812528,21.29755020141613],[73.9528427124024,21.40237045288086],[74.0485458374024,21.419429779052848],[74.06716156005854,21.481931686401367],[74.10898590087908,21.44802284240717],[74.30591583251982,21.479391098022575],[74.33551788330072,21.540229797363338],[74.30996704101557,21.567321777343807],[74.20523834228544,21.529211044311523],[74.18286895751959,21.561559677124137],[74.06920623779308,21.559509277343864],[73.86078643798822,21.49582290649414],[73.78761291503912,21.625049591064567],[73.8856277465822,21.645059585571232],[73.89636230468756,21.700281143188704],[73.81051635742193,21.823337554931697],[74.13816070556658,21.95337104797369],[74.29064941406261,21.936059951782283],[74.43554687500006,22.030998229980526]]]]}},{"type":"Feature","properties":{"name":"Manipur","type":"State"},"geometry":{"type":"Polygon","coordinates":[[[94.57723236084013,25.648330688476676],[94.55741882324213,25.512769699096737],[94.68242645263678,25.45973014831543],[94.58535766601568,25.215749740600586],[94.745658874512,25.13659095764166],[94.74221038818388,25.02524948120123],[94.61084747314453,24.72211265563965],[94.55098724365251,24.716539382934627],[94.53148651123041,24.632390975952262],[94.40341949462896,24.487779617309513],[94.38336944580084,24.379409790039062],[94.32634735107428,24.33894920349121],[94.16146087646479,23.85277938842796],[94.1226425170899,23.842729568481445],[94.09609222412126,23.893571853637752],[93.95378112792986,23.950199127197266],[93.8159866333009,23.929828643799055],[93.75694274902361,24.009492874145565],[93.62065887451178,24.014240264892578],[93.60346221923834,23.96959114074707],[93.56353759765642,23.989578247070312],[93.5087127685548,23.948900222778434],[93.35143280029314,24.11241912841797],[93.33737182617193,24.05340003967291],[93.25528717041016,24.023790359497127],[93.24801635742216,24.08533859252941],[93.21673583984403,24.05006027221691],[93.14219665527361,24.08678817749029],[93.10092163085949,24.045089721679688],[93.07949066162115,24.102970123291016],[92.97637939453153,24.11482048034668],[93.0433731079101,24.343389511108626],[93.0004959106447,24.40327072143566],[93.03916931152338,24.411130905151424],[93.06111907958984,24.574832916259766],[93.10697937011724,24.58356094360346],[93.07541656494135,24.59622955322277],[93.10470581054693,24.675342559814453],[93.0758666992188,24.710390090942383],[93.10978698730486,24.809740066528263],[93.19735717773438,24.811260223388786],[93.2624130249024,24.951370239257926],[93.24884033203142,25.018800735473633],[93.33577728271484,25.095840454101562],[93.40357208251959,25.263071060180778],[93.47402191162138,25.309280395507812],[93.505142211914,25.24413108825678],[93.6080169677735,25.20205116271984],[93.69277954101591,25.361589431762695],[93.80899810791016,25.46558952331543],[93.77063751220697,25.540279388427848],[93.83648681640642,25.563060760498047],[93.9652175903322,25.556577682495117],[94.01473236083996,25.59613037109375],[94.09210968017584,25.532730102539176],[94.19486999511736,25.55242919921875],[94.21485137939482,25.500240325927678],[94.30898284912115,25.49380111694336],[94.42027282714872,25.542650222778377],[94.43002319335938,25.592721939086914],[94.50537109375,25.616992950439453],[94.57301330566418,25.69765090942377],[94.57723236084013,25.648330688476676]]]}},{"type":"Feature","properties":{"name":"Meghalaya","type":"State"},"geometry":{"type":"Polygon","coordinates":[[[91.85383605957037,26.10478973388672],[91.92209625244158,25.999530792236442],[92.1783065795899,26.079509735107365],[92.30158233642607,26.076490402221623],[92.15631866455095,25.944799423218],[92.16369628906244,25.911790847778263],[92.22547912597685,25.907049179077205],[92.15310668945318,25.8127498626709],[92.16069793701189,25.671859741210938],[92.38510131835966,25.75356292724615],[92.50170898437517,25.62293052673334],[92.55761718750017,25.611988067627067],[92.57250213623064,25.56042098999046],[92.65345764160168,25.592180252075195],[92.56741333007818,25.46747016906744],[92.78437042236328,25.332538604736442],[92.76464843750011,25.24934959411621],[92.80356597900402,25.217239379882926],[92.66690826416033,25.177061080932617],[92.62164306640653,25.117700576782283],[92.52466583251959,25.140029907226506],[92.5429458618164,25.099599838256836],[92.48429870605497,25.10806083679205],[92.46325683593756,25.03712844848627],[92.42590332031261,25.031820297241325],[92.07176971435541,25.189622879028434],[91.75287628173828,25.179821014404297],[91.64453125,25.122720718383732],[91.61741638183622,25.17591094970703],[91.47406768798828,25.133859634399414],[91.27378845214861,25.204307556152287],[90.86695861816406,25.15612030029297],[90.78542327880888,25.183969497680664],[90.73928070068388,25.15443038940424],[90.67117309570341,25.19729042053234],[90.45236206054693,25.144502639770508],[90.11519622802763,25.226921081543196],[89.97123718261736,25.303060531616154],[89.83426666259766,25.295669555664006],[89.82166290283197,25.385360717773438],[89.87995910644537,25.488639831543026],[89.87010192871122,25.54422187805187],[90.01844024658209,25.608390808105696],[89.89541625976568,25.744119644165153],[89.93350982666021,25.74455070495611],[89.94458007812506,25.82447814941412],[90.11865234375,25.961259841918945],[90.18251037597685,25.944450378418026],[90.47728729248047,26.01526069641119],[90.53446197509766,25.958021163940543],[90.51254272460955,25.896240234375057],[90.58245849609386,25.95979118347168],[90.62901306152372,25.9374294281007],[90.624809265137,25.89889907836914],[90.68604278564482,25.950809478759766],[90.74743652343761,25.9573211669923],[90.7405395507813,25.91521072387701],[90.77806091308611,25.90829086303711],[90.80989074707048,25.952159881591797],[90.91911315917997,25.91331100463873],[90.94274902343761,25.947570800781364],[90.96745300292986,25.887180328369197],[91.02922058105469,25.888048171997127],[91.00078582763666,25.82225036621105],[91.19647979736322,25.859010696411133],[91.17993164062517,25.77631950378418],[91.22387695312506,25.723419189453182],[91.3335571289063,25.83884048461914],[91.52540588378912,25.872890472412223],[91.47476196289057,25.87123107910179],[91.57583618164091,26.03310966491722],[91.63215637207048,26.022409439087028],[91.61115264892578,25.939920425415096],[91.66931152343744,25.90538978576666],[91.7201766967774,25.95407104492199],[91.73126220703153,26.0592098236084],[91.81931304931646,26.118740081787223],[91.85383605957037,26.10478973388672]]]}},{"type":"Feature","properties":{"name":"Mizoram","type":"State"},"geometry":{"type":"Polygon","coordinates":[[[92.80079650878923,24.419050216674805],[92.8327026367188,24.376369476318416],[92.91153717041044,24.41290092468256],[93.02435302734392,24.390470504760742],[93.02658843994135,24.23263168334961],[92.97637939453153,24.11482048034668],[93.07949066162115,24.102970123291016],[93.10092163085949,24.045089721679688],[93.14791107177734,24.088090896606673],[93.21673583984403,24.05006027221691],[93.24801635742216,24.08533859252941],[93.25528717041016,24.023790359497127],[93.33737182617193,24.05340003967291],[93.44470214843767,23.68242835998541],[93.41423797607428,23.38801193237316],[93.3658065795899,23.354480743408146],[93.39364624023443,23.13861274719261],[93.29772186279303,23.005798339843807],[93.19445037841797,23.06031036376953],[93.13294219970709,23.047500610351562],[93.16835021972673,22.919130325317496],[93.0992660522461,22.81040954589838],[93.09175109863287,22.709341049194393],[93.1443710327149,22.598859786987305],[93.11168670654314,22.531789779663313],[93.1908111572265,22.427259445190487],[93.20858001709001,22.26106834411621],[93.14710998535185,22.246540069580078],[93.15441131591814,22.1781902313233],[93.0466613769533,22.197620391845817],[93.06556701660162,22.102052688598576],[93.01326751709001,22.1022109985351],[93.00924682617188,21.983930587768555],[92.95580291748075,22.02992057800293],[92.91088867187506,21.946229934692326],[92.86773681640642,22.06536293029791],[92.71788787841803,22.152629852295036],[92.68435668945324,22.017910003662337],[92.60968017578142,21.97683715820324],[92.5704193115235,22.12912178039562],[92.60997772216825,22.12130928039562],[92.61389160156267,22.172941207885742],[92.52697753906256,22.676160812377987],[92.44753265380876,22.89359092712425],[92.37542724609375,22.934881210327262],[92.36109924316435,23.237537384033317],[92.40863037109392,23.246080398559513],[92.28144073486345,23.630050659179688],[92.25939941406278,23.81499099731468],[92.33114624023466,23.9118022918704],[92.33683776855497,24.146789550781477],[92.29660797119169,24.251729965209904],[92.42237854003923,24.253110885620117],[92.46597290039091,24.134750366211165],[92.52966308593761,24.174800872802848],[92.55063629150396,24.24589920043951],[92.61158752441423,24.25334930419922],[92.62428283691435,24.332651138305778],[92.69066619873075,24.354801177978572],[92.7651977539063,24.520849227905387],[92.80079650878923,24.419050216674805]]]}},{"type":"Feature","properties":{"name":"Nagaland","type":"State"},"geometry":{"type":"Polygon","coordinates":[[[95.21444702148449,26.936950683593693],[95.23385620117193,26.89084053039545],[95.18450164794933,26.864830017089957],[95.24491882324224,26.787330627441634],[95.23763275146501,26.686290740966797],[95.15470886230474,26.61948966979992],[95.06630706787104,26.456779479980696],[95.1357421875,26.387832641601506],[95.1205673217774,26.109741210937443],[95.18569946289057,26.080350875854492],[95.0218658447265,25.90999984741211],[95.05252838134794,25.762659072875977],[94.93757629394531,25.669031143188477],[94.90499114990251,25.56711006164562],[94.84944152832026,25.560689926147518],[94.81249237060564,25.495370864868278],[94.63297271728516,25.465658187866268],[94.55741882324213,25.512769699096737],[94.59519958496094,25.643850326538143],[94.57301330566418,25.69765090942377],[94.50537109375,25.616992950439453],[94.43002319335938,25.592721939086914],[94.42027282714872,25.542650222778377],[94.31353759765625,25.49447059631342],[94.21485137939482,25.500240325927678],[94.19486999511736,25.55242919921875],[94.09210968017584,25.532730102539176],[94.01473236083996,25.59613037109375],[93.9652175903322,25.556577682495117],[93.83648681640642,25.563060760498047],[93.77063751220697,25.540279388427848],[93.80899810791016,25.46558952331543],[93.69277954101591,25.361589431762695],[93.6125793457033,25.20619010925293],[93.505142211914,25.24413108825678],[93.45188903808622,25.344190597534237],[93.46186828613298,25.4346981048584],[93.3317413330081,25.546810150146484],[93.70548248291021,25.848630905151367],[93.68768310546875,25.909440994262752],[93.77301788330084,25.966020584106445],[93.79576110839855,25.814350128173942],[93.97939300537115,25.919679641723633],[93.95488739013666,26.0073299407959],[94.0048065185548,26.17327117919922],[94.1080474853515,26.32640075683588],[94.17550659179693,26.344219207763786],[94.18654632568365,26.46051025390625],[94.27674102783209,26.558839797973633],[94.31651306152372,26.462930679321516],[94.39945220947294,26.532320022583008],[94.40786743164091,26.61433029174799],[94.46452331542997,26.667510986328125],[94.7563705444336,26.7722682952882],[94.92376708984386,26.950330734252987],[95.02134704589861,26.925399780273494],[95.1955184936524,27.042949676513672],[95.21444702148449,26.936950683593693]]]}},{"type":"Feature","properties":{"name":"Orissa","type":"State"},"geometry":{"type":"MultiPolygon","coordinates":[[],[],[[[84.78319549560575,19.110971450805835],[84.76125335693388,19.071250915527514],[84.73021697998064,19.089305877685547],[84.78319549560575,19.110971450805835]]],[],[],[],[],[],[],[],[],[],[],[],[],[],[],[],[],[],[],[],[[[86.27027893066412,20.058057785034123],[86.30805206298834,20.03444480895996],[86.24523162841814,20.029359817505053],[86.27027893066412,20.058057785034123]]],[],[],[],[],[],[],[],[],[],[],[],[],[],[],[],[],[],[],[],[[[86.87065124511736,20.771778106689453],[86.99194335937517,20.771112442016545],[87.00138854980474,20.715829849243164],[86.85917663574213,20.66472053527832],[86.87832641601568,20.733060836791935],[86.85352325439459,20.65672492980957],[86.80347442626947,20.676567077636946],[86.81912231445307,20.63924217224138],[86.77379608154303,20.646387100219897],[86.87065124511736,20.771778106689453]]],[],[],[],[],[],[],[],[[[86.07834625244158,22.530410766601506],[86.11192321777361,22.48293113708496],[86.27982330322271,22.44552040100109],[86.43335723876959,22.301540374755916],[86.49994659423834,22.34095191955572],[86.72097015380865,22.216840744018555],[86.71544647216803,22.14349174499523],[86.7903213500976,22.153940200805607],[86.83200836181646,22.095109939575423],[86.96705627441412,22.077751159668082],[87.02604675292997,22.02874946594244],[86.99793243408209,21.907501220703125],[87.03024291992216,21.865310668945256],[87.09464263916021,21.86034011840843],[87.09353637695341,21.907899856567326],[87.15828704834001,21.930549621581974],[87.16744232177751,21.973409652709904],[87.234848022461,21.954380035400447],[87.27156066894548,21.80340003967285],[87.43930816650396,21.764360427856502],[87.46605682373075,21.72519111633318],[87.48110961914091,21.60777854919428],[87.37999725341803,21.54555511474632],[87.10694885253906,21.51773452758789],[86.9108428955081,21.340280532837085],[86.82250213623075,21.193889617919922],[86.9702758789063,20.823329925537337],[86.95749664306646,20.7847194671632],[86.82776641845703,20.771669387817496],[86.7556991577149,20.613344192504996],[86.82055664062506,20.639583587646484],[86.80223846435553,20.67521095275879],[86.8446578979495,20.650762557983626],[86.93393707275385,20.710710525512695],[87.04518890380876,20.709484100341854],[86.73388671875017,20.47916603088379],[86.72943115234403,20.404880523681697],[86.78888702392584,20.369722366333235],[86.7691726684572,20.331111907959098],[86.45999908447283,20.162221908569336],[86.49111175537126,20.15777015686035],[86.4713897705081,20.09749984741228],[86.55889129638678,20.200559616088867],[86.41176605224626,20.05554008483898],[86.38749694824219,19.976388931274414],[86.29046630859375,20.060981750488452],[86.247856140137,20.053188323974894],[86.23665618896501,20.02695083618164],[86.3410263061524,19.972379684448356],[86.31749725341797,19.949165344238395],[86.36266326904325,19.95277976989763],[85.90499877929693,19.832221984863565],[85.41919708251959,19.623069763183594],[84.90569305419939,19.269582748413086],[84.77791595459001,19.110139846802042],[84.72541809082026,19.09653091430681],[84.73542022705084,19.143751144409407],[84.71903228759771,19.095844268799055],[84.66501617431658,19.15673065185547],[84.66117095947283,19.121860504150504],[84.59184265136724,19.123840332031364],[84.66458892822266,19.066291809082202],[84.59011840820318,19.013380050659293],[84.56613922119169,19.065038681030558],[84.47165679931646,18.981220245361555],[84.41513061523455,19.013860702514876],[84.42938995361357,18.913682937622184],[84.36531829833979,18.896259307861328],[84.36241149902372,18.851060867309627],[84.3360214233399,18.866710662841797],[84.31249237060547,18.779190063476676],[84.08177947998053,18.744640350341797],[84.0270614624024,18.80220031738287],[83.88687896728521,18.805408477783317],[83.78830718994169,19.00781059265148],[83.73956298828142,18.97844123840332],[83.78006744384771,18.90772056579584],[83.7458267211914,18.918172836303825],[83.62328338623053,19.15363121032715],[83.53138732910185,19.00542068481451],[83.49539947509783,19.01109123229992],[83.50538635253912,19.06477165222168],[83.45939636230474,19.06967163085949],[83.45548248291044,18.945579528808594],[83.40885162353521,18.996191024780387],[83.30526733398455,18.989681243896598],[83.32901000976591,18.91690826416027],[83.34575653076178,18.957099914550838],[83.38022613525408,18.92328262329113],[83.34661102294922,18.926870346069336],[83.4113388061524,18.859340667724837],[83.3963012695313,18.83070945739746],[83.21939086914062,18.765819549560547],[83.20506286621122,18.715860366821516],[83.13295745849638,18.772449493408146],[83.00968170166021,18.63652992248541],[83.00804138183588,18.588420867919922],[83.05394744873053,18.58646965026861],[83.03247833251953,18.547889709472656],[83.08933258056658,18.537910461425895],[83.01541137695318,18.444429397583065],[83.05982971191412,18.428632736206055],[83.0533905029298,18.375299453735295],[82.90274810791044,18.35591125488287],[82.88461303710966,18.412759780883846],[82.79917144775419,18.439401626586914],[82.7670516967774,18.331079483032227],[82.65883636474626,18.286609649658317],[82.62687683105474,18.22874069213873],[82.58074188232433,18.270099639892578],[82.60050964355469,18.368709564208984],[82.53515625000011,18.389560699463118],[82.55377197265642,18.43765068054205],[82.47400665283203,18.5368328094483],[82.36128997802751,18.40991020202631],[82.38442993164068,18.36911010742199],[82.33444213867193,18.3171329498291],[82.39301300048834,18.306440353393782],[82.30609893798857,18.195659637451115],[82.36429595947294,18.134859085083065],[82.33336639404308,18.142379760742188],[82.32977294921903,18.040410995483512],[82.25815582275396,18.03487014770502],[82.26725006103516,17.98644065856945],[82.02465820312517,18.057880401611385],[81.7031707763673,17.861129760742415],[81.66306304931646,17.876930236816463],[81.61115264892595,17.81536293029785],[81.3849716186524,17.806592941284293],[81.39382934570341,17.885139465332088],[81.43725585937506,17.875938415527344],[81.47731018066412,17.970020294189396],[81.52796173095703,18.259080886840934],[81.65809631347662,18.339290618896428],[81.74491119384771,18.345350265503157],[81.8579406738283,18.51305961608898],[81.94690704345709,18.55915069580078],[81.88537597656244,18.65032958984375],[81.94744110107428,18.628820419311637],[81.96768188476568,18.690612792968807],[82.07858276367216,18.71208190917963],[82.08141326904325,18.755870819091797],[82.16114807128935,18.790960311889762],[82.17272949218756,18.895288467407227],[82.23956298828153,18.910459518432617],[82.21211242675776,19.090549468994254],[82.15978240966803,19.12648010253912],[82.18316650390642,19.31970024108898],[82.14083099365251,19.3619194030764],[82.18305969238293,19.417610168456974],[82.11930847167974,19.423900604248104],[82.09207916259777,19.509840011596793],[82.02239227294922,19.501802444458008],[82.05982971191412,19.78309822082514],[81.98014831542997,19.795780181884766],[81.96037292480486,19.85473823547386],[81.84963226318365,19.908050537109375],[81.86653900146501,20.03603935241705],[81.94135284423834,20.102251052856445],[82.02440643310575,20.010040283203068],[82.05789947509771,20.049869537353516],[82.17846679687506,19.97808265686035],[82.23062896728516,19.998081207275504],[82.33944702148443,19.8299617767334],[82.44239044189453,19.902982711791935],[82.59349822998053,19.864540100097656],[82.5850601196289,19.771049499511662],[82.70271301269548,19.831039428711165],[82.70748901367205,19.990219116210938],[82.5983657836914,19.985639572143555],[82.39086151123064,20.059589385986328],[82.37892913818365,20.144630432128963],[82.42922973632812,20.282962799072322],[82.39377593994146,20.33552169799799],[82.42916870117182,20.425752639770508],[82.32401275634777,20.55388069152832],[82.36823272705084,20.62405967712425],[82.34661865234392,20.883848190307845],[82.4590530395509,20.823841094970703],[82.48567199707048,20.903511047363338],[82.62230682373053,21.036569595337028],[82.63594055175781,21.149450302124023],[82.95606994628912,21.175489425659237],[83.11984252929705,21.101060867309684],[83.19274902343756,21.13944053649908],[83.21835327148443,21.26012039184593],[83.26767730712908,21.26857757568365],[83.27001953125006,21.375038146972884],[83.40265655517607,21.34843063354515],[83.33463287353533,21.495550155639705],[83.38072204589872,21.612751007080078],[83.44123077392595,21.649272918701286],[83.45275878906256,21.605190277099723],[83.48454284667986,21.62556266784668],[83.41974639892584,21.675020217895508],[83.484130859375,21.74155235290533],[83.46717834472673,21.78273963928234],[83.58447265625017,21.843601226806697],[83.60047912597656,21.910840988159123],[83.53517150878912,21.963500976562614],[83.53244781494146,22.03404808044445],[83.60031890869158,22.065509796142578],[83.55726623535162,22.09997940063488],[83.62628173828125,22.20585823059082],[83.75279998779303,22.242860794067383],[83.86100769042963,22.343780517578352],[84.00421142578153,22.36766052246105],[84.04155731201178,22.464109420776424],[83.97609710693365,22.502210617065487],[83.99429321289091,22.52881050109869],[84.13492584228516,22.470949172973576],[84.15248870849626,22.400930404663143],[84.28922271728516,22.337320327758846],[84.4260864257813,22.34881019592291],[84.52662658691418,22.420021057128906],[84.74385070800787,22.414751052856502],[84.8077926635745,22.446861267089787],[84.89379882812528,22.418010711669922],[85.06249237060564,22.478410720825195],[85.11445617675787,22.290489196777344],[85.07051086425798,22.272159576416243],[84.98742675781256,22.076738357543945],[85.09543609619169,22.099451065063477],[85.230941772461,22.00027084350586],[85.36319732666044,22.154569625854606],[85.59108734130865,22.074440002441463],[85.64460754394548,22.090280532836914],[85.6815032958985,22.04878044128418],[85.80204772949224,22.110830307006893],[85.83075714111345,22.07697105407709],[85.78794097900396,22.077190399169922],[85.76074981689453,21.989719390869254],[85.90542602539068,21.96663093566889],[86.0267181396485,22.185222625732536],[85.96978759765625,22.24340057373047],[86.04328918457037,22.306190490722713],[85.99288177490251,22.33815956115734],[86.02149963378923,22.381761550903377],[85.95813751220697,22.47618103027355],[86.03849029541033,22.563589096069336],[86.07834625244158,22.530410766601506]]]]}},{"type":"Feature","properties":{"name":"Puducherry","type":"Union Territor"},"geometry":{"type":"MultiPolygon","coordinates":[[],[[[79.74823760986345,10.981531143188704],[79.85457611084013,10.976021766662654],[79.85208129882818,10.827630043029842],[79.82375335693376,10.817920684814453],[79.85124969482439,10.813771247863826],[79.70423126220709,10.918870925903434],[79.74823760986345,10.981531143188704]]],[[[79.69048309326178,12.001120567321777],[79.74964904785162,11.986130714416731],[79.71570587158209,11.967451095580998],[79.73690032959013,11.907170295715275],[79.79972839355486,11.964289665222282],[79.83763885498075,11.94054985046398],[79.79069519042997,11.878748893737793],[79.81958007812517,11.874308586120549],[79.80041503906278,11.808399200439453],[79.74980926513678,11.860529899597282],[79.72776031494169,11.832339286804142],[79.65907287597668,11.865669250488281],[79.68286132812506,11.904708862304801],[79.72489929199247,11.891510009765852],[79.67819976806635,11.936532020568904],[79.69905090332031,11.97205924987793],[79.64234161376947,11.975811004638615],[79.69048309326178,12.001120567321777]]],[[[75.37460327148466,12.149080276489371],[75.40217590332031,12.134140014648494],[75.30906677246111,12.102661132812557],[75.30152893066412,12.024600028991642],[75.2645797729495,12.01930999755865],[75.29597473144537,11.947916030883732],[75.22492218017572,12.031949996948242],[75.22113037109392,12.100951194763297],[75.37460327148466,12.149080276489371]]],[],[[[82.21096801757807,16.727939605713004],[82.30282592773443,16.722839355468807],[82.24569702148455,16.71681022644043],[82.25344848632841,16.689720153808537],[82.17463684082037,16.72510910034174],[82.21096801757807,16.727939605713004]]]]}},{"type":"Feature","properties":{"name":"Punjab","type":"State"},"geometry":{"type":"Polygon","coordinates":[[[75.86876678466803,32.48868179321312],[75.9321670532226,32.41682052612316],[75.62254333496105,32.23468017578125],[75.62021636962896,32.185169219970874],[75.6618270874024,32.16466903686535],[75.57875823974626,32.08168029785156],[75.89454650878935,31.949800491333235],[75.97146606445312,31.81454849243164],[75.9218292236331,31.817180633545036],[76.15349578857428,31.414012908935547],[76.13503265380865,31.361759185791016],[76.17282867431669,31.306739807129077],[76.29609680175781,31.31920051574707],[76.36313629150396,31.44135093688982],[76.43113708496094,31.282840728759822],[76.46671295166021,31.310211181640682],[76.53495025634766,31.255350112915266],[76.5705032348634,31.280149459838867],[76.601615905762,31.25090980529785],[76.5806121826173,31.21635246276861],[76.62594604492193,31.227090835571346],[76.5903930664062,31.18285942077631],[76.5893173217774,31.12770080566429],[76.62573242187517,31.11024284362793],[76.61006927490251,31.004230499267692],[76.71260070800793,30.963420867920036],[76.84678649902361,30.792520523071232],[76.8014526367188,30.762769699096907],[76.75092315673834,30.796848297119197],[76.69068145751982,30.746660232544173],[76.73847961425787,30.68915176391613],[76.83479309082037,30.65582084655773],[76.86222839355486,30.67927169799799],[76.91342926025396,30.599702835083008],[76.8888473510745,30.44111061096197],[76.92729949951178,30.388639450073185],[76.88022613525396,30.35970115661621],[76.83245849609392,30.433881759643555],[76.75786590576172,30.438890457153263],[76.70014953613287,30.393611907958984],[76.73853302001964,30.35964965820324],[76.71515655517595,30.332910537719727],[76.54763793945341,30.26492118835455],[76.5325317382813,30.227130889892805],[76.58399963378912,30.25653076171875],[76.63891601562506,30.205940246582315],[76.60105133056669,30.08023071289074],[76.45208740234403,30.100709915161246],[76.41020202636736,30.202289581299],[76.39000701904303,30.12754058837902],[76.32588195800798,30.14924049377447],[76.32289886474615,30.108221054077262],[76.20387268066412,30.158901214599723],[76.1906127929687,30.134960174560717],[76.25499725341803,30.104579925537053],[76.19091796875006,30.016412734985295],[76.20387268066412,29.94412040710455],[76.16629028320318,29.9286594390872],[76.24201202392584,29.869028091430835],[76.07766723632841,29.805772781372127],[76.04148101806658,29.748781204223746],[75.87928009033214,29.7470703125],[75.77162170410173,29.825389862060547],[75.70593261718778,29.80862045288086],[75.6974487304688,29.755210876464957],[75.56878662109403,29.74262046813959],[75.44426727294916,29.807849884033374],[75.33535003662104,29.693849563598746],[75.35044860839861,29.659280776977766],[75.31772613525396,29.6707000732423],[75.29606628417963,29.56808090209961],[75.22348022460943,29.546171188354492],[75.2212371826173,29.60655021667486],[75.15783691406267,29.662710189819336],[75.23097991943388,29.75206756591797],[75.18234252929716,29.838701248169116],[75.15405273437506,29.78101921081543],[75.09017944335943,29.806661605835075],[75.0848007202149,29.915140151977482],[74.9899291992187,29.85646057128912],[74.91573333740229,29.94915962219244],[74.80117797851568,29.992572784423942],[74.69078826904303,29.96927070617687],[74.639633178711,29.903949737548828],[74.524642944336,29.951560974121094],[73.89118194580084,29.970069885254077],[73.96810913085949,30.184299468994254],[73.87321472167986,30.38343811035179],[73.98851776123058,30.50456047058117],[74.07761383056669,30.529361724853516],[74.09099578857416,30.612791061401367],[74.28180694580084,30.73023414611822],[74.26220703125006,30.768030166626033],[74.316146850586,30.847581863403434],[74.36300659179688,30.845806121826172],[74.36552429199236,30.885406494140796],[74.5381164550783,30.99354171752941],[74.55839538574224,31.06752586364746],[74.62251281738287,31.047021865844727],[74.69442749023449,31.095439910888786],[74.62145996093767,31.13703155517601],[74.55193328857428,31.08562088012701],[74.50459289550787,31.13850975036644],[74.51111602783209,31.272331237793082],[74.64206695556658,31.459960937500227],[74.56620025634771,31.50083923339872],[74.60090637207037,31.5678386688233],[74.51728057861357,31.72291183471691],[74.59910583496122,31.88511085510254],[74.70919799804705,31.957948684692383],[74.80914306640642,31.955139160156364],[74.91426086425798,32.06521987915045],[75.00492858886724,32.028755187988395],[75.11625671386736,32.08280944824219],[75.16445159912104,32.067970275878906],[75.19532012939482,32.11664962768549],[75.23916625976574,32.08715057373058],[75.36315155029308,32.23468017578125],[75.32530212402361,32.34284210205084],[75.47223663330084,32.34004974365246],[75.4989471435548,32.27532958984381],[75.52921295166021,32.34888076782249],[75.71153259277361,32.41815948486328],[75.872543334961,32.57619094848633],[75.86876678466803,32.48868179321312]]]}},{"type":"Feature","properties":{"name":"Rajasthan","type":"State"},"geometry":{"type":"Polygon","coordinates":[[[73.88944244384783,29.97760963439964],[74.51906585693376,29.943349838256893],[74.50502777099621,29.907760620117415],[74.55356597900408,29.865640640259016],[74.46526336669939,29.787549972534407],[74.47200012207037,29.744029998779354],[74.6054000854495,29.752880096435547],[74.5665359497072,29.56349945068365],[74.61440277099626,29.527111053466854],[74.57891082763672,29.45862007141136],[74.529106140137,29.449539184570312],[74.59577941894537,29.328311920166016],[74.64182281494169,29.331199645996207],[74.65017700195324,29.37236976623535],[74.75663757324247,29.355960845947266],[74.84113311767607,29.404069900512923],[74.92714691162138,29.364639282226562],[74.95310974121122,29.28194046020502],[75.0399169921875,29.287149429321516],[75.07807922363298,29.232450485229663],[75.1799926757813,29.268619537353516],[75.22345733642578,29.234951019287166],[75.31926727294928,29.293439865112248],[75.31492614746122,29.235960006713924],[75.39570617675787,29.261940002441463],[75.40065002441406,29.18890953063959],[75.36115264892595,29.14262008667015],[75.43473815917969,29.016540527343693],[75.51110076904303,29.010829925537337],[75.46707916259771,28.926250457763672],[75.55570983886736,28.614591598511026],[75.6180496215822,28.602209091186467],[75.62909698486328,28.545970916748104],[75.77822875976591,28.457611083984432],[75.77031707763678,28.407619476318303],[75.92237854003918,28.368909835815543],[76.09288787841803,28.155218124389705],[76.02774810791033,28.172721862792912],[75.93608856201178,28.093530654907454],[75.98455047607428,28.050741195678825],[76.035629272461,28.073980331421126],[75.96998596191423,28.030948638916016],[75.96317291259771,27.936950683593864],[75.92362213134783,27.933090209960994],[75.97738647460938,27.909259796142578],[75.96308135986328,27.864730834960938],[76.08806610107428,27.868448257446346],[76.17292022705095,27.807460784912166],[76.22328186035173,27.840930938720817],[76.15493774414057,27.9989910125733],[76.21382904052746,28.03168106079096],[76.17733764648443,28.059259414672965],[76.26492309570318,28.068740844726676],[76.33679962158209,28.029661178588867],[76.35459899902372,28.07420158386242],[76.29740142822294,28.10104942321783],[76.35560607910156,28.128450393676815],[76.28885650634766,28.182672500610636],[76.3767700195312,28.138071060180664],[76.47099304199213,28.154741287231502],[76.49780273437506,28.106620788574276],[76.4485702514649,28.09317016601591],[76.49765777587919,28.06473159790039],[76.45372772216803,28.049669265747298],[76.53852081298828,28.039119720458928],[76.53819274902344,27.97054100036621],[76.66007232666016,28.01905059814453],[76.64785003662126,28.092210769653377],[76.79148864746094,28.157241821289176],[76.80580902099615,28.215890884399414],[76.89984893798834,28.20476913452171],[76.96176147460938,28.144010543823356],[76.88407897949247,27.730909347534293],[76.9026260375976,27.658519744873274],[76.97049713134794,27.65714263916027],[76.99353790283209,27.741701126098746],[77.07921600341825,27.738410949707145],[77.02066802978544,27.77812004089361],[77.03827667236345,27.820041656494197],[77.12652587890653,27.776460647583008],[77.19384765625028,27.821939468383846],[77.23174285888678,27.785800933838175],[77.29538726806658,27.799840927124194],[77.34276580810553,27.65720176696783],[77.31121063232439,27.611690521240234],[77.35011291503923,27.593400955200252],[77.33513641357428,27.530021667480526],[77.42959594726591,27.4620494842531],[77.43189239501982,27.399158477783317],[77.57454681396513,27.326730728149414],[77.61411285400408,27.3433895111084],[77.59166717529303,27.30055809021019],[77.67299652099604,27.200361251831225],[77.49841308593756,27.095190048217887],[77.62740325927763,27.015501022338867],[77.67331695556646,27.0515594482423],[77.70358276367188,27.000310897827205],[77.75501251220697,27.02276039123541],[77.4224700927735,26.867019653320312],[77.44831085205072,26.7467498779298],[77.49334716796875,26.766990661621378],[77.49797821044928,26.847949981689567],[77.60450744628935,26.83280181884777],[77.7533798217774,26.937738418579215],[77.89010620117205,26.889459609985465],[77.89994049072294,26.92454910278326],[78.00666046142578,26.91066169738798],[78.022026062012,26.860870361328125],[78.04223632812528,26.915420532226562],[78.10147094726568,26.904989242553768],[78.11489868164091,26.954860687255916],[78.2622375488283,26.923511505126896],[78.19113922119146,26.888610839843977],[78.21395111084001,26.848520278930664],[78.16094970703142,26.827039718627873],[78.17975616455107,26.793569564819563],[78.09983062744169,26.79700851440441],[78.08573913574247,26.68305015563965],[77.99221801757818,26.70264053344721],[77.8945770263673,26.66221046447754],[77.81299591064447,26.554809570312557],[77.5228805541995,26.414911270141715],[77.42771911621088,26.40690994262718],[77.43676757812506,26.36814117431652],[77.33467102050798,26.357231140136776],[77.203109741211,26.237400054931754],[77.12403106689482,26.23795127868658],[76.88777923584001,26.093322753906193],[76.74546813964844,25.90923118591303],[76.59272766113298,25.874168395996037],[76.52931213378935,25.79797172546398],[76.53061676025396,25.733970642089957],[76.48239135742216,25.718130111694336],[76.56427764892578,25.442401885986442],[76.77009582519548,25.312191009521484],[76.89322662353527,25.32240104675293],[76.94182586669928,25.275360107421932],[77.0754699707033,25.33969116210949],[77.20514678955078,25.311429977417106],[77.28298187255876,25.423589706421012],[77.361343383789,25.41296005249029],[77.33641815185547,25.325580596923828],[77.37178802490263,25.320220947265682],[77.349662780762,25.271770477294922],[77.41799163818354,25.193029403686523],[77.39070892333979,25.18819046020502],[77.39852905273432,25.11327171325695],[77.30285644531256,25.08386993408226],[77.26226043701178,25.119260787963867],[77.16957855224615,25.113719940185774],[77.11445617675787,25.069089889526367],[76.99372863769537,25.079950332641715],[76.85434722900419,25.010311126708984],[76.9489212036134,24.872869491577376],[76.80158233642595,24.819839477539062],[76.84729766845732,24.750400543212947],[76.95173645019537,24.765460968017635],[77.02665710449236,24.71092033386236],[77.06469726562511,24.569910049438533],[76.96531677246105,24.460861206054688],[76.9146499633789,24.487659454345703],[76.91287231445324,24.54356956481928],[76.81459045410162,24.53437042236351],[76.85132598876953,24.469108581543026],[76.84017944335943,24.338720321655217],[76.94444274902361,24.206291198730526],[76.89994049072294,24.13111114501953],[76.80111694335966,24.120340347290096],[76.75499725341791,24.17209053039562],[76.70114135742193,24.171440124511832],[76.67420959472662,24.193429946899528],[76.69296264648466,24.28504943847662],[76.58802032470709,24.24955940246582],[76.57972717285156,24.180679321289062],[76.53143310546903,24.16346931457531],[76.46994781494146,24.231399536132812],[76.41443634033209,24.20742034912115],[76.32689666748053,24.253618240356445],[76.21556854248075,24.216808319091797],[76.18548583984392,24.331510543823242],[76.12132263183605,24.19639015197754],[76.1346969604495,24.095289230346793],[75.96018218994169,24.025369644165096],[75.97582244873075,23.932939529418945],[75.77706146240263,23.853870391845703],[75.7023315429687,23.904050827026367],[75.7291107177735,23.85820960998535],[75.68447875976568,23.760568618774414],[75.65183258056658,23.80194854736351],[75.58252716064482,23.800359725952205],[75.56062316894531,23.85995101928711],[75.45649719238298,23.920740127563477],[75.51438140869146,24.048732757568473],[75.58383941650419,23.991920471191634],[75.6691970825197,24.03354263305664],[75.70040893554716,23.96906089782709],[75.8337631225586,24.075429916381893],[75.83579254150402,24.111351013183707],[75.74349212646513,24.13960075378418],[75.77350616455095,24.22089195251465],[75.82688140869135,24.246410369873047],[75.72688293457043,24.40527915954584],[75.79113006591803,24.47520256042486],[75.84725189209013,24.418970108032227],[75.9089965820313,24.456140518188477],[75.91739654541021,24.57147979736328],[75.82814788818365,24.613349914550838],[75.8387527465822,24.72986984252924],[75.75968170166027,24.764799118042106],[75.61332702636724,24.688421249389705],[75.58190155029303,24.722700119018555],[75.45189666748041,24.693218231201286],[75.2169494628908,24.722410202026424],[75.18551635742193,24.76805114746105],[75.25192260742193,24.837169647216854],[75.20819091796892,24.909999847412166],[75.3057327270509,24.813329696655273],[75.4170989990235,24.863901138305607],[75.42421722412138,24.8927516937257],[75.26145172119146,24.88965988159191],[75.29308319091803,24.923179626464787],[75.27590179443376,24.9767303466798],[75.31387329101568,24.900440216064453],[75.34558868408209,25.042800903320312],[75.15912628173828,25.04547119140625],[75.11886596679682,24.889039993286246],[75.04338836669939,24.859228134155217],[74.92008209228544,24.891849517822266],[74.84635162353533,24.974290847778434],[74.84889221191412,24.792659759521484],[75.00705718994169,24.79606056213379],[75.02023315429716,24.752767562866325],[74.94285583496111,24.660390853882063],[74.89285278320307,24.655349731445426],[74.79931640625006,24.79564094543457],[74.77527618408209,24.68773078918457],[74.81710815429716,24.67167091369629],[74.71193695068365,24.510940551757926],[74.85813140869135,24.467332839965934],[74.75280761718778,24.28265953063965],[74.89428710937506,24.261680603027457],[74.88112640380865,24.213502883911076],[74.99298858642572,24.029701232910213],[74.90567779541033,23.87391090393072],[74.93972015380871,23.630371093749943],[74.61338043212919,23.46136093139654],[74.51830291748064,23.3287296295166],[74.55346679687506,23.282520294189567],[74.70114898681669,23.272142410278377],[74.69500732421886,23.223079681396484],[74.74569702148443,23.21211051940918],[74.66915893554705,23.201490402221737],[74.51228332519543,23.088830947876204],[74.3911895751956,23.11199951171875],[74.32277679443376,23.062690734863395],[74.24603271484403,23.188259124756087],[74.1829910278322,23.152219772338867],[74.12702178955107,23.178850173950252],[74.13378143310564,23.269451141357422],[74.04447174072266,23.296091079711914],[73.97103118896479,23.377138137817383],[73.894271850586,23.337139129638672],[73.83213043212919,23.446750640869254],[73.76471710205078,23.45857810974144],[73.72614288330078,23.412662506103516],[73.70421600341814,23.455781936645565],[73.6327514648438,23.452392578125114],[73.66073608398455,23.62290191650402],[73.57727050781256,23.655361175537337],[73.51348876953142,23.616811752319336],[73.50853729248064,23.70333099365257],[73.3626480102539,23.78742980957037],[73.36207580566406,23.861869812011832],[73.42468261718756,23.931060791015682],[73.37346649169922,24.12813949584961],[73.24582672119169,24.010709762573242],[73.19893646240229,24.051460266113395],[73.2238159179688,24.098220825195426],[73.08268737792974,24.184980392455998],[73.1449584960937,24.30785751342779],[73.23147583007818,24.364660263061467],[73.16996765136736,24.3506698608399],[73.08496093750006,24.39447021484375],[73.09438323974638,24.49472808837902],[73.00034332275419,24.470630645752067],[72.96327972412115,24.383739471435547],[72.9914627075197,24.363971710205135],[72.92391204833984,24.326322555541935],[72.86811828613287,24.36581039428711],[72.73253631591808,24.361270904541243],[72.69725036621105,24.45721054077171],[72.54457855224626,24.506851196289062],[72.50771331787104,24.409931182861385],[72.46467590332037,24.40711975097662],[72.44248962402344,24.504249572753963],[72.2509994506836,24.580160140991325],[72.35378265380854,24.61810111999523],[72.16539764404314,24.61450004577648],[72.052490234375,24.705789566039982],[71.94419097900396,24.626779556274528],[71.87647247314459,24.675159454345703],[71.85839080810558,24.60416984558117],[71.79898834228533,24.670520782470817],[71.66156005859386,24.63326072692871],[71.6165924072265,24.670680999755973],[71.48831939697271,24.673851013183707],[71.38305664062506,24.621681213378906],[71.35103607177746,24.653219223022575],[71.2977371215822,24.607641220092717],[71.11927795410162,24.668649673461914],[70.94548797607428,24.934541702270508],[70.89430999755876,25.144058227539062],[70.67417144775385,25.3893203735351],[70.66596221923857,25.69722938537592],[70.39965820312511,25.6637992858889],[70.27961730957037,25.701259613037223],[70.09607696533203,25.944316864013672],[70.08257293701189,26.0738582611084],[70.1726684570313,26.245077133178825],[70.16773986816435,26.550743103027344],[70.06619262695318,26.599290847778377],[69.81536102294922,26.592157363891545],[69.51544952392607,26.740055084228516],[69.48373413085943,26.806230545044002],[69.51320648193376,27.016868591308537],[69.58666229248064,27.177984237671012],[70.01626586914068,27.55599594116211],[70.15695190429705,27.83404922485363],[70.36616516113298,28.00824928283697],[70.5626296997072,28.019802093505973],[70.67210388183611,27.91431808471691],[70.75766754150402,27.7172088623048],[70.8841705322265,27.69840049743658],[71.27295684814453,27.84192848205572],[71.6582870483399,27.868930816650504],[71.89737701416016,27.957420349121094],[71.9332580566408,28.126859664917106],[72.1844253540039,28.358005523681925],[72.30195617675798,28.66481590270996],[72.38469696044922,28.763940811157283],[72.94171905517584,29.027200698852596],[73.27131652832037,29.55696105957037],[73.39137268066435,29.93787002563488],[73.78721618652361,30.0664005279541],[73.9663162231447,30.195049285888672],[73.88944244384783,29.97760963439964]]]}},{"type":"Feature","properties":{"name":"Sikkim","type":"State"},"geometry":{"type":"Polygon","coordinates":[[[88.64525604248064,28.09912109375017],[88.8290557861331,28.015159606933878],[88.83625030517584,27.93200111389166],[88.88138580322283,27.89253044128418],[88.8466110229495,27.66889953613304],[88.76706695556669,27.5649604797365],[88.7833862304688,27.45555114746105],[88.92237091064453,27.326320648193644],[88.90727233886747,27.28354072570812],[88.80110168457048,27.247579574585075],[88.73253631591825,27.137350082397745],[88.69149780273443,27.178699493408317],[88.55899047851591,27.188751220703125],[88.43194580078153,27.081609725952205],[88.30449676513678,27.128601074218864],[88.09266662597656,27.136278152465934],[88.07495117187517,27.200839996337834],[88.01696777343767,27.21887207031267],[88.06921386718767,27.33558082580595],[88.04941558837908,27.405216217041243],[88.08261871337896,27.426414489746094],[88.04633331298845,27.49576568603527],[88.20392608642584,27.837314605712834],[88.12998199462902,27.881515502929688],[88.12390899658232,27.95092010498064],[88.38980102539091,27.978080749511946],[88.48311614990251,28.04558753967285],[88.53894805908232,28.03889083862316],[88.60746765136736,28.127550125122355],[88.64525604248064,28.09912109375017]]]}},{"type":"Feature","properties":{"name":"Tamil Nadu","type":"State"},"geometry":{"type":"MultiPolygon","coordinates":[[],[],[],[],[],[],[],[],[],[],[],[],[],[],[],[],[],[],[],[],[],[],[],[],[[[79.31236267089838,9.328472137451172],[79.32597351074219,9.261804580688647],[79.43985748291021,9.158194541931152],[79.29875946044928,9.246809959411735],[79.21458435058594,9.254028320312727],[79.2204132080081,9.292082786560059],[79.31236267089838,9.328472137451172]]],[[[79.52930450439459,9.384028434753702],[79.5291366577149,9.384028434753702],[79.52930450439459,9.38419723510765],[79.52930450439459,9.384028434753702]]],[[[79.5300903320313,9.385957717895451],[79.53013610839872,9.385693550109863],[79.5299835205081,9.385693550109863],[79.5300903320313,9.385957717895451]]],[],[],[],[[[79.52930450439459,9.389304161071891],[79.52958679199247,9.389310836792163],[79.52958679199247,9.389160156249943],[79.52930450439459,9.389304161071891]]],[],[[[79.52864837646513,9.389852523803825],[79.52835845947271,9.39013767242426],[79.5287475585938,9.390140533447322],[79.52864837646513,9.389852523803825]]],[],[],[],[],[],[],[],[],[],[],[],[],[],[],[],[],[],[],[],[],[],[[[80.07582092285168,13.526760101318416],[80.24090576171892,13.470150947571028],[80.31212615966803,13.369380950927734],[80.31625366210955,13.428473472595329],[80.32903289794939,13.36653041839594],[80.32624816894537,13.44264030456543],[80.3448562622072,13.27319145202648],[80.30625152587919,13.215141296386719],[80.33374786376947,13.235139846801871],[80.24791717529291,12.805151939392204],[80.23264312744169,12.846250534057674],[80.25402832031244,12.77903079986578],[80.18541717529314,12.57763862609869],[80.1648559570313,12.60374927520752],[80.15598297119135,12.466810226440373],[80.0506973266601,12.325969696045036],[80.05819702148455,12.36736202240013],[80.01708221435575,12.340419769287166],[80.06318664550787,12.351250648498649],[79.94458007812506,12.220141410827637],[80.00708007812517,12.254583358764648],[79.83763885498075,11.94054985046398],[79.79972839355486,11.964289665222452],[79.73690032959013,11.907170295715275],[79.71570587158209,11.967451095580998],[79.74964904785162,11.986130714416731],[79.7058486938476,11.97737026214611],[79.6790390014649,12.019260406494254],[79.64234161376947,11.975811004638615],[79.69905090332031,11.97205924987793],[79.67819976806635,11.936532020568904],[79.72489929199247,11.891510009765852],[79.68286132812506,11.904708862304801],[79.65907287597668,11.865669250488281],[79.72776031494169,11.832339286804142],[79.74980926513678,11.860529899597282],[79.80069732666033,11.807640075683707],[79.75708007812506,11.563750267028809],[79.83790588378906,11.356810569763184],[79.8465423583985,11.244029998779524],[79.80458068847662,11.236251831054858],[79.847640991211,11.24292087554926],[79.85514068603527,10.97764110565197],[79.73190307617193,10.987039566040039],[79.74553680419922,10.943340301513786],[79.70365142822271,10.951861381530875],[79.70423126220709,10.918870925903434],[79.85124969482439,10.813771247863826],[79.88291931152344,10.302359580993596],[79.742919921875,10.275137901306152],[79.77847290039074,10.302362442016658],[79.63652801513678,10.31819057464594],[79.62985992431646,10.363195419311467],[79.61347198486334,10.317360877990723],[79.55124664306646,10.312358856201456],[79.73902893066435,10.277359962463436],[79.52652740478544,10.305416107177734],[79.58875274658203,10.332637786865405],[79.54514312744146,10.347920417785815],[79.5256958007813,10.318470954895076],[79.45597076416044,10.342082977294979],[79.51236724853521,10.309030532837141],[79.38569641113287,10.316809654236124],[79.29486083984392,10.260695457458723],[79.2290267944336,10.14431095123291],[79.26736450195312,10.037916183471737],[78.9815292358399,9.69042110443121],[78.898178100586,9.489031791687012],[79.03430175781267,9.318470954895133],[79.19069671630876,9.281808853149357],[78.83264160156278,9.268760681152457],[78.71847534179705,9.19013977050787],[78.6579132080081,9.192361831664982],[78.65735626220732,9.15764141082775],[78.48874664306669,9.150137901306096],[78.36541748046892,9.092082023620776],[78.260971069336,9.01875114440918],[78.16874694824236,8.882081985473633],[78.15736389160162,8.771528244018555],[78.19847106933588,8.789031982421932],[78.23013305664057,8.748750686645508],[78.17069244384766,8.745141029357967],[78.10485839843767,8.651530265808105],[78.13041687011736,8.497078895568961],[78.06680297851568,8.37041568756132],[77.80403137207026,8.248195648193416],[77.74624633789057,8.177082061767862],[77.57569122314482,8.135695457458723],[77.55097198486345,8.076525688171444],[77.31597137451189,8.12097167968767],[77.0906982421875,8.297361373901367],[77.159652709961,8.312500953674316],[77.13481903076178,8.378529548645133],[77.20951843261713,8.437719345092717],[77.18649291992205,8.493371009826717],[77.26515960693371,8.5374498367309],[77.15531921386747,8.737560272216797],[77.21467590332031,8.775760650634993],[77.2415008544923,8.864782333373967],[77.13217926025396,9.011850357055721],[77.25177764892584,9.1430406570434],[77.26682281494146,9.290880203247298],[77.39623260498075,9.496541976928711],[77.3505477905274,9.526291847229118],[77.3408966064456,9.595050811767521],[77.25501251220709,9.56499099731451],[77.15187072753935,9.606019973754996],[77.23398590087908,9.788519859313908],[77.20443725585943,9.894319534301758],[77.26142120361345,9.963721275329817],[77.18814086914091,10.095651626587028],[77.25978088378912,10.11908054351818],[77.2804489135745,10.20725154876709],[77.24652862548828,10.220609664917049],[77.22216033935564,10.340300559997672],[77.16295623779325,10.346281051635742],[76.9707870483399,10.208650588989258],[76.81967163085938,10.295240402221793],[76.80499267578142,10.626340866088924],[76.87261962890636,10.629431724548454],[76.89750671386736,10.770799636841048],[76.81755828857416,10.861801147461051],[76.64916229248064,10.924152374267578],[76.70652008056669,11.031351089477596],[76.79247283935553,11.04237270355236],[76.73709869384783,11.047510147094727],[76.73871612548834,11.121290206909237],[76.69117736816412,11.144510269165153],[76.72557830810575,11.208890914917106],[76.69696807861357,11.231330871582031],[76.62303924560564,11.18567085266119],[76.45272064209001,11.180210113525504],[76.44638824462885,11.230461120605582],[76.54016876220714,11.292347908020076],[76.53820037841803,11.351590156555176],[76.41039276123064,11.43359088897705],[76.2400970458985,11.459641456604004],[76.22574615478533,11.564439773559798],[76.35011291503923,11.58274173736578],[76.50421142578142,11.698040962219295],[76.56006622314447,11.610120773315657],[76.83728027343756,11.574480056762695],[76.82847595214861,11.644109725952262],[76.89968872070318,11.783271789550781],[76.95960235595714,11.765199661254883],[77.00443267822294,11.803019523620605],[77.10929870605474,11.712800979614258],[77.10282897949224,11.763119697570914],[77.24173736572294,11.802459716796932],[77.4192504882813,11.75067138671875],[77.48439788818376,11.932399749755916],[77.66471099853521,11.939700126648063],[77.76700592041044,12.109140396118164],[77.71951293945341,12.171520233154297],[77.48248291015642,12.190119743347282],[77.46350097656256,12.244039535522461],[77.60633850097662,12.360260009765625],[77.6252059936524,12.477261543273869],[77.57536315917969,12.468379974365462],[77.60636901855474,12.499791145324707],[77.57005310058611,12.557931900024414],[77.59033966064459,12.657541275024641],[77.73140716552751,12.66397953033453],[77.79949188232439,12.786858558654842],[77.78488159179693,12.833809852600211],[77.82559967041016,12.858989715576229],[77.92428588867193,12.877840042114485],[77.91047668457031,12.819710731506461],[77.94555664062494,12.849330902099723],[77.9813995361331,12.795640945434798],[78.04673004150396,12.842370033264217],[78.12066650390625,12.770011901855526],[78.22064971923845,12.752590179443416],[78.18984985351591,12.68130970001232],[78.26442718505888,12.691840171814079],[78.36833953857428,12.611840248107853],[78.45478057861357,12.612019538879451],[78.50981140136736,12.69878005981451],[78.48435211181669,12.734781265258846],[78.54767608642607,12.685590744018555],[78.64671325683594,12.919019699096793],[78.61366271972685,12.978890419006404],[78.65110778808594,13.0179319381715],[78.69375610351574,13.004391670227108],[78.70244598388689,13.056151390075797],[78.8760375976563,13.086159706115836],[78.88191986084001,13.019762039184627],[78.92463684082048,13.01864147186285],[78.89346313476574,13.035092353820858],[78.91438293457037,13.067761421203727],[78.97959136962908,13.076510429382267],[79.15270233154325,13.007292747497615],[79.21832275390653,13.135551452636832],[79.3079376220706,13.09691143035883],[79.34777069091803,13.163019180297908],[79.42378997802751,13.187460899353027],[79.42502593994146,13.281340599060115],[79.37460327148455,13.303039550781193],[79.42887878417997,13.32356166839611],[79.53578186035156,13.311070442199934],[79.5802612304688,13.245370864868221],[79.66853332519531,13.281930923461914],[79.68875122070312,13.207409858703556],[79.74437713623041,13.194911003112907],[79.784896850586,13.223480224609489],[79.72129058837919,13.272239685058821],[79.92550659179693,13.33594036102295],[79.96186065673845,13.451279640197754],[80.0360412597658,13.484479904175032],[79.98967742919922,13.526760101318416],[80.07582092285168,13.526760101318416]]]]}},{"type":"Feature","properties":{"name":"Tripura","type":"State"},"geometry":{"type":"Polygon","coordinates":[[[92.18519592285168,24.522872924804688],[92.2342681884765,24.500440597534293],[92.27308654785162,24.38845062255882],[92.21285247802746,24.24930953979515],[92.29660797119169,24.251729965209904],[92.32945251464838,24.19115066528326],[92.32198333740263,23.869810104370174],[92.27474975585955,23.84905815124523],[92.22405242919928,23.65732002258295],[92.17945098876959,23.743181228637695],[92.07257080078142,23.644720077514705],[91.96211242675781,23.727701187133732],[91.97516632080084,23.482442855835018],[91.84735870361334,23.4002304077149],[91.77091217041021,23.263759613037166],[91.83550262451189,23.093910217285213],[91.61871337890636,22.944150924682674],[91.5488891601563,22.994762420654297],[91.51093292236334,23.182039260864258],[91.4190063476563,23.280221939086857],[91.38883972167974,23.179460525512752],[91.4219970703125,23.059249877929744],[91.35628509521513,23.09518623352062],[91.29725646972656,23.32098007202154],[91.32560729980463,23.362310409546012],[91.29666900634783,23.35447120666504],[91.25377655029303,23.48971939086914],[91.16657257080095,23.598739624023438],[91.16127777099615,23.670600891113395],[91.19889068603521,23.646970748901367],[91.21006011962908,23.68755149841303],[91.15828704833996,23.691221237182617],[91.16043090820307,23.739429473876953],[91.22461700439459,23.740100860595817],[91.25760650634771,23.839651107788143],[91.23522186279297,23.928600311279297],[91.27626800537126,23.92624092102045],[91.28367614746111,23.983102798461914],[91.37819671630871,23.976879119873047],[91.37542724609392,24.107530593872127],[91.59619903564459,24.080209732055664],[91.6403121948245,24.108360290527287],[91.66752624511724,24.230400085449332],[91.692398071289,24.159328460693473],[91.76119995117199,24.141582489013786],[91.74346923828153,24.247127532958984],[91.84748840332048,24.22832107543951],[91.90262603759783,24.137838363647575],[91.94185638427763,24.267578125000114],[91.92043304443365,24.335750579834098],[91.9571075439456,24.356250762939453],[91.99542999267607,24.32126045227045],[91.97409057617216,24.388639450073356],[92.1192092895509,24.383810043335018],[92.1727981567384,24.430891036987305],[92.15239715576183,24.50027084350586],[92.18519592285168,24.522872924804688]]]}},{"type":"Feature","properties":{"name":"Uttar Pradesh","type":"State"},"geometry":{"type":"Polygon","coordinates":[[[77.58467864990263,30.4087810516358],[77.93148040771501,30.246959686279354],[77.83853149414091,30.11227035522461],[77.78643798828136,30.0999698638916],[77.70201873779314,29.871780395507926],[77.79251861572271,29.681921005249137],[77.95198059082037,29.70536994934082],[77.97683715820307,29.614038467407283],[77.9472885131836,29.59043121337902],[77.98375701904314,29.588050842285213],[77.988021850586,29.545860290527344],[78.33174133300793,29.796180725097884],[78.41256713867193,29.77242088317888],[78.48757934570324,29.741382598877067],[78.52735900878923,29.62436294555681],[78.60524749755865,29.56179809570324],[78.92292785644548,29.456180572509993],[78.8701858520509,29.39236259460455],[78.80898284912138,29.382879257202262],[78.78884124755876,29.32928276062023],[78.7574081420899,29.349760055541992],[78.71385955810547,29.3173503875733],[78.8526229858399,29.261310577392692],[78.90040588378923,29.15061950683588],[78.96232604980497,29.16681098937994],[79.01700592041021,29.117860794067326],[79.0269622802735,29.172269821167106],[79.13080596923828,29.129360198974553],[79.15827941894548,29.022878646850813],[79.20403289794916,29.029100418090877],[79.29892730712896,28.95311164855957],[79.35967254638666,28.970479965210075],[79.41121673584001,28.8558807373048],[79.5364532470706,28.892539978027628],[79.55092620849621,28.845891952514876],[79.66619873046875,28.848329544067496],[79.77446746826183,28.891830444335938],[79.80863189697294,28.862831115722656],[79.78336334228521,28.805419921875],[79.85404968261713,28.844289779663086],[79.87563323974626,28.81834030151373],[79.84053039550781,28.808660507202205],[79.90129089355474,28.802120208740234],[79.92237854003923,28.732709884643555],[79.96782684326178,28.715620040893782],[80.05842590332037,28.83526039123535],[80.11980438232439,28.828729629516772],[80.26358795166033,28.748941421508903],[80.37332153320318,28.62902069091797],[80.45281982421892,28.628814697265625],[80.51934051513666,28.551723480224837],[80.50518798828153,28.665225982666072],[80.57041931152372,28.6878032684329],[80.79075622558588,28.524259567260742],[80.91030883789091,28.49753952026373],[80.91738891601591,28.457523345947322],[81.01917266845709,28.45155906677246],[81.03411865234403,28.39871597290039],[81.21241760253935,28.360515594482592],[81.32241058349615,28.19716835022001],[81.3197860717774,28.13341903686546],[81.37311553955095,28.142215728759993],[81.37693786621111,28.1768932342531],[81.44570922851591,28.162139892578352],[81.48022460937528,28.08251571655296],[81.88684844970714,27.857158660888615],[81.97011566162126,27.92881584167486],[82.06971740722662,27.923416137695597],[82.45071411132807,27.678615570068473],[82.7099151611331,27.721698760986442],[82.75788116455084,27.58661460876465],[82.73700714111322,27.503101348877237],[83.1902160644533,27.454015731811523],[83.31960296630865,27.329988479614485],[83.41168975830095,27.412506103515796],[83.3909301757813,27.47949028015165],[83.61673736572283,27.46942329406761],[83.83322143554705,27.36950874328636],[83.85850524902372,27.350961685180664],[83.83058929443365,27.321359634399414],[83.91668701171903,27.325330734252987],[83.89795684814464,27.25942993164074],[83.98512268066418,27.181762695312727],[83.93942260742188,27.092992782592773],[84.02072143554688,27.095481872558594],[83.99076080322283,27.068590164184855],[84.0408172607423,27.04467964172386],[84.052001953125,26.89170074462902],[84.14083862304688,26.88758087158203],[84.1689224243164,26.8345184326173],[84.24109649658214,26.86243057250988],[84.23398590087896,26.739530563354492],[84.29802703857439,26.753271102905273],[84.3256607055664,26.68425750732422],[84.40223693847662,26.671222686767578],[84.41439819335938,26.62717056274414],[84.27221679687528,26.59936141967796],[84.08177947998053,26.642860412597656],[84.04776000976562,26.54348945617687],[83.90220642089838,26.51807975769043],[83.9022827148438,26.450250625610295],[84.01098632812517,26.448459625244197],[84.07200622558611,26.384469985961914],[84.17135620117188,26.373979568481445],[84.15934753417986,26.245901107788086],[84.01152038574219,26.240682601928825],[84.00302124023443,26.17823028564453],[84.16622924804705,25.991500854492188],[84.52864074707048,25.87774085998541],[84.52697753906256,25.834329605102653],[84.62021636962896,25.794090270996094],[84.63059997558622,25.728340148925838],[84.55562591552763,25.736408233642578],[84.5523300170899,25.684030532837028],[84.53586578369158,25.726490020751953],[84.48838806152361,25.67785072326666],[84.33129119873053,25.74457168579096],[84.2855758666995,25.661529541015625],[84.20291137695318,25.6696395874024],[84.14823150634794,25.730960845947322],[84.09439086914068,25.72038078308117],[84.07650756835966,25.637531280517692],[83.91705322265653,25.558490753173885],[83.8102264404298,25.465919494629134],[83.83837127685564,25.4368896484375],[83.76193237304693,25.387910842895508],[83.69458007812506,25.396099090576115],[83.3358612060548,25.183570861816406],[83.3573608398438,25.1241912841798],[83.31607055664091,25.02733993530279],[83.35399627685575,24.870611190795955],[83.38680267334013,24.78421974182129],[83.4798431396485,24.737831115722656],[83.49752044677751,24.651660919189396],[83.54171752929682,24.62455940246582],[83.49816894531256,24.527059555053768],[83.39301300048828,24.501190185546932],[83.40013885498058,24.408679962158203],[83.45139312744146,24.36474990844738],[83.37593841552763,24.314540863037337],[83.40188598632841,24.266000747680664],[83.34900665283209,24.12643814086914],[83.18956756591808,23.921100616455192],[82.9388198852539,23.875869750976562],[82.74588775634771,24.013111114501953],[82.7662582397461,24.077867507934684],[82.66352844238293,24.123929977417106],[82.67085266113298,24.158470153808707],[82.72036743164074,24.138990402221793],[82.76413726806658,24.292430877685604],[82.7605819702149,24.37304115295416],[82.70716094970709,24.38517951965332],[82.73654937744146,24.499771118164062],[82.71253204345709,24.55621910095215],[82.80076599121111,24.55268096923851],[82.76278686523455,24.645669937133903],[82.69518280029308,24.64425277709961],[82.65792846679693,24.700397491455305],[82.52926635742216,24.651960372924805],[82.4323120117188,24.706281661987305],[82.401596069336,24.683799743652287],[82.40917205810564,24.597829818725813],[82.29393005371088,24.613740921020565],[82.29641723632807,24.670011520385685],[82.22992706298834,24.669639587402457],[82.24365997314459,24.775751113891715],[82.21375274658209,24.728660583496094],[82.17288208007812,24.739570617675838],[82.19596862792974,24.82452964782715],[82.1121902465822,24.792261123657283],[82.00489044189459,24.850690841674805],[81.95915222167997,24.830610275268498],[81.89644622802729,24.89250946044922],[81.89846801757818,25.009620666503906],[81.78922271728544,25.010139465331974],[81.65869140625006,25.079730987548828],[81.60434722900396,25.060749053955192],[81.61898803710938,25.159650802612305],[81.56639862060553,25.195749282837028],[81.47287750244158,25.137121200561467],[81.5075759887697,25.10680961608881],[81.48372650146501,25.074939727783203],[81.40084838867193,25.107770919799805],[81.43022155761724,25.133630752563477],[81.32995605468744,25.172491073608455],[81.31466674804716,25.11629104614252],[81.30638885498053,25.165992736816406],[81.26911926269526,25.167739868164062],[81.26158905029303,25.068460464477596],[81.20169830322271,24.995729446411133],[81.21260833740246,24.93452072143549],[81.16143035888678,24.958511352539062],[81.13244628906256,24.89207077026373],[81.07641601562511,24.95226097106945],[80.80220031738276,24.944459915161133],[80.90492248535162,25.1603107452392],[80.8780364990235,25.195600509643782],[80.83628082275402,25.192680358886662],[80.82769775390636,25.110309600830135],[80.79957580566423,25.14641761779785],[80.69963836669939,25.137149810791016],[80.77593994140625,25.061691284179688],[80.673568725586,25.054170608520735],[80.6792602539063,25.081819534301985],[80.6013565063476,25.104408264160156],[80.6323928833009,25.123281478881893],[80.5945892333985,25.155241012573185],[80.60678100585943,25.07217979431158],[80.47612762451178,25.102251052856502],[80.49420928955095,25.045320510864258],[80.44071197509794,25.082069396972656],[80.36576080322294,25.057760238647575],[80.38218688964872,25.009740829467773],[80.27849578857439,25.021648406982536],[80.35128784179716,25.14490127563471],[80.42369842529303,25.17414283752464],[80.39906311035162,25.242969512939453],[80.30404663085955,25.288892745971737],[80.3107528686524,25.387317657470646],[80.25586700439459,25.428710937500057],[80.12329864501959,25.338430404663143],[80.02073669433622,25.34316062927246],[79.99672698974604,25.268650054931754],[79.84713745117199,25.240200042724666],[79.8558959960938,25.098501205444393],[79.74563598632818,25.143882751464844],[79.59787750244169,25.131431579589957],[79.56552124023455,25.177551269531307],[79.48987579345709,25.082750320434627],[79.46837615966825,25.13445091247553],[79.39914703369135,25.113460540771484],[79.38387298584013,25.170280456543196],[79.49040222167974,25.27034950256342],[79.41530609130871,25.259220123291016],[79.367416381836,25.29432106018072],[79.35296630859403,25.265380859375],[79.34588623046886,25.333040237426815],[79.29473114013678,25.340219497680664],[79.25945281982428,25.271440505981502],[79.340087890625,25.27276039123541],[79.34696197509771,25.214241027831974],[79.27359771728527,25.248119354248047],[79.30322265625,25.133329391479492],[79.26007080078153,25.122100830078068],[79.23583984375028,25.160961151123047],[79.2383804321289,25.116369247436523],[79.18485260009771,25.151132583618278],[79.12917327880865,25.1107692718507],[79.08429718017595,25.19252967834467],[79.02176666259771,25.143190383911133],[79.05644226074236,25.225709915161246],[79.00496673583984,25.276969909668082],[78.97116851806658,25.244920730590877],[78.99581146240234,25.195938110351562],[78.94834136962896,25.220180511474666],[78.87184143066412,25.166000366210938],[78.87587738037115,25.255769729614485],[78.97004699707048,25.28520965576172],[78.95285797119158,25.34987068176281],[78.876518249512,25.34445953369152],[78.84175109863287,25.229160308838004],[78.78324890136747,25.297611236572322],[78.87474822998053,25.38765907287592],[78.94935607910185,25.400159835815373],[78.89245605468756,25.375297546386776],[78.92862701416016,25.351800918579045],[78.97850799560553,25.37601280212408],[78.96012878417986,25.438890457153377],[78.90322875976591,25.4469375610351],[78.93074035644548,25.55972099304205],[78.82832336425798,25.509981155395508],[78.85717010498053,25.46714019775385],[78.83426666259771,25.432460784912166],[78.82985687255876,25.46569061279297],[78.73175048828153,25.500650405883846],[78.75506591796892,25.433851242065487],[78.81291198730474,25.430427551269588],[78.74314117431646,25.412700653076115],[78.76438140869135,25.35840034484869],[78.65789031982428,25.387979507446346],[78.70140075683622,25.428859710693473],[78.65271759033209,25.444000244140682],[78.56112670898438,25.395692825317383],[78.57621765136724,25.35193061828619],[78.52514648437511,25.363012313842773],[78.52507781982422,25.306529998779354],[78.42736053466791,25.2886714935305],[78.56858062744146,25.258609771728516],[78.59716796875017,25.097871780395565],[78.64192962646479,25.0614910125733],[78.62204742431652,24.964900970458984],[78.78054046630871,24.81497192382824],[78.7494659423831,24.604980468750114],[78.8817214965822,24.63969993591303],[78.96639251708984,24.4969482421875],[78.91381072998053,24.500841140747298],[78.9085922241211,24.466770172119197],[78.98438262939459,24.441360473632926],[78.96687316894537,24.353660583496094],[78.87886047363298,24.22305107116705],[78.79168701171892,24.180240631103572],[78.76027679443365,24.258489608764705],[78.66912078857428,24.245019912719727],[78.50537109374994,24.39394950866705],[78.40695190429682,24.2770099639892],[78.34243774414091,24.305381774902287],[78.36094665527372,24.38578987121582],[78.21653747558605,24.531642913818473],[78.25888824462902,24.5581893920899],[78.26847839355463,24.66710090637207],[78.16380310058611,24.85709953308117],[78.32753753662115,24.99955940246582],[78.32776641845732,25.08876991271967],[78.44291687011724,25.128770828247127],[78.29551696777372,25.374799728393555],[78.3475875854495,25.454839706421012],[78.42072296142595,25.477619171142635],[78.42933654785162,25.56385993957531],[78.64862060546875,25.565639495849723],[78.80519104003935,25.624557495117188],[78.81133270263689,25.67448043823265],[78.74681854248075,25.749090194702205],[78.82050323486345,25.799400329589787],[78.81124877929699,25.83012008667015],[78.8619232177735,25.799198150634822],[78.84662628173845,25.860500335693473],[79.00315093994169,26.081792831421012],[78.9426727294923,26.13914108276373],[79.00071716308594,26.15497970581066],[78.97737884521496,26.195499420166016],[79.12658691406244,26.31603050231945],[79.13374328613287,26.344970703125],[79.07675933837902,26.366020202636776],[79.126762390137,26.444810867309798],[79.04846191406256,26.456050872802734],[79.06093597412138,26.50329971313488],[78.97962188720709,26.57407951354992],[78.99317932128912,26.684570312500114],[78.93791198730497,26.66269111633312],[78.94814300537115,26.696741104125977],[78.86492919921892,26.704669952392635],[78.71534729003935,26.80021286010765],[78.56584930419922,26.7576904296875],[78.38973999023466,26.824899673462085],[78.35135650634771,26.87437057495123],[78.28206634521501,26.86408805847168],[78.26088714599626,26.82094955444336],[78.20979309082031,26.836090087890625],[78.19113922119146,26.888610839843977],[78.2622375488283,26.923511505126896],[78.21589660644531,26.95395088195812],[78.11134338378923,26.953231811523438],[78.10147094726568,26.904989242553768],[78.04223632812528,26.915420532226562],[78.022026062012,26.860870361328125],[78.00666046142578,26.91066169738798],[77.89994049072294,26.92454910278326],[77.89010620117205,26.889459609985465],[77.7533798217774,26.937738418579215],[77.60450744628935,26.83280181884777],[77.49797821044928,26.847949981689567],[77.4803619384765,26.753879547119197],[77.42859649658209,26.770111083984546],[77.4224700927735,26.867019653320312],[77.75501251220697,27.02276039123541],[77.71392059326178,26.997961044311523],[77.67816925048828,27.050529479980526],[77.62740325927763,27.015501022338867],[77.55739593505888,27.036899566650618],[77.56568145751953,27.07801055908226],[77.51429748535185,27.070421218872298],[77.50231933593767,27.09922027587902],[77.67299652099604,27.200361251831225],[77.59166717529303,27.30055809021019],[77.61411285400408,27.3433895111084],[77.57454681396513,27.326730728149414],[77.43189239501982,27.399158477783317],[77.42959594726591,27.4620494842531],[77.33513641357428,27.530021667480526],[77.35011291503923,27.593400955200252],[77.31121063232439,27.611690521240234],[77.33654785156244,27.696180343628043],[77.27577972412115,27.806549072265625],[77.53613281250006,27.9493026733399],[77.46887207031278,28.086011886596737],[77.54236602783203,28.181659698486328],[77.48912048339872,28.211990356445426],[77.51911926269548,28.201780319214095],[77.54120635986322,28.24774169921875],[77.46730041503912,28.269720077514762],[77.49578857421903,28.307041168213004],[77.46375274658232,28.33801078796398],[77.49423980712919,28.35826110839855],[77.47455596923834,28.413511276245174],[77.29518890380876,28.561201095580998],[77.336181640625,28.60886955261259],[77.32348632812506,28.71587181091337],[77.19444274902338,28.8022918701173],[77.21418762207037,29.00596046447754],[77.12204742431646,29.10576820373558],[77.15394592285162,29.335479736328125],[77.11752319335949,29.35715103149414],[77.14679718017595,29.389770507812614],[77.08561706542974,29.600799560546875],[77.18913269042986,29.922042846679744],[77.27040863037126,30.048339843750057],[77.4144287109375,30.10713005065918],[77.42354583740251,30.16847991943382],[77.57035064697294,30.311229705810604],[77.58467864990263,30.4087810516358]]]}},{"type":"Feature","properties":{"name":"Uttaranchal","type":"State"},"geometry":{"type":"Polygon","coordinates":[[[79.19477844238287,31.353622436523438],[79.28489685058588,31.17010116577154],[79.38185119628923,31.118350982666016],[79.4130859375,31.037551879882926],[79.50125885009766,31.03914070129389],[79.58724212646501,30.943090438842887],[79.74214935302751,31.00679016113287],[79.85492706298834,30.978910446167106],[79.91504669189482,30.892219543456974],[80.10314941406244,30.779670715332315],[80.1572723388673,30.81275177001953],[80.22383880615246,30.76409912109392],[80.18049621582037,30.66986083984375],[80.21573638916033,30.579040527343693],[80.52648925781256,30.45430946350109],[80.58419036865229,30.487222671509016],[80.81128692626959,30.31998062133789],[81.0196075439456,30.25295257568382],[80.91191864013689,30.223215103149414],[80.86457061767572,30.168895721435547],[80.87921905517607,30.128515243530273],[80.7493972778322,30.00662994384777],[80.60533905029325,29.95871734619169],[80.49721527099604,29.797414779663086],[80.43771362304688,29.8057155609132],[80.36972045898443,29.750616073608512],[80.40949249267595,29.594919204711914],[80.34435272216803,29.552864074707315],[80.30422210693376,29.453079223633097],[80.24481964111357,29.444505691528548],[80.31813812255876,29.315639495849666],[80.2990036010745,29.205030441284407],[80.24991607666021,29.220615386962947],[80.27340698242193,29.14202308654791],[80.14602661132841,29.103000640869254],[80.13732147216814,29.007310867309798],[80.0601425170899,28.916316986084155],[80.07238006591803,28.829744338989485],[79.98825836181646,28.717018127441463],[79.92237854003923,28.732709884643555],[79.90129089355474,28.802120208740234],[79.84053039550798,28.808660507202376],[79.87563323974626,28.8183403015139],[79.85404968261713,28.844289779663086],[79.78336334228521,28.805419921875],[79.80863189697294,28.862831115722656],[79.774467468262,28.891830444335938],[79.66619873046875,28.848329544067496],[79.55092620849621,28.845891952514876],[79.5364532470706,28.892539978027628],[79.41121673584001,28.8558807373048],[79.35967254638666,28.970479965210075],[79.29892730712896,28.95311164855957],[79.20403289794916,29.029100418090877],[79.15827941894548,29.022878646850813],[79.13080596923828,29.129360198974553],[79.0269622802735,29.172269821167106],[79.01700592041021,29.117860794067326],[78.96232604980497,29.16681098937994],[78.90040588378923,29.15061950683588],[78.8526229858399,29.261310577392692],[78.71385955810547,29.3173503875733],[78.7574081420899,29.349760055541992],[78.78884124755876,29.32928276062023],[78.80898284912138,29.382879257202262],[78.8701858520509,29.39236259460455],[78.92292785644548,29.456180572509993],[78.60524749755865,29.56179809570324],[78.52735900878923,29.62436294555681],[78.47357940673828,29.748470306396598],[78.33174133300793,29.796180725097884],[77.988021850586,29.545860290527344],[77.98375701904314,29.588050842285213],[77.9472885131836,29.59043121337902],[77.97683715820307,29.614038467407283],[77.95198059082037,29.70536994934082],[77.79251861572271,29.681921005249137],[77.70201873779314,29.871780395507926],[77.78643798828136,30.0999698638916],[77.83853149414091,30.11227035522461],[77.93148040771501,30.246959686279354],[77.56288146972662,30.417079925537166],[77.81064605712896,30.533180236816634],[77.72952270507812,30.5983829498291],[77.78199005126959,30.619358062744425],[77.77905273437494,30.663770675659407],[77.68828582763689,30.76866912841797],[77.7445220947265,30.881191253662166],[77.78936767578125,30.858549118042106],[77.79561614990263,30.923799514770508],[77.74559783935553,30.922309875488395],[77.7345733642581,30.959569931030273],[77.81714630126964,30.953569412231502],[77.80060577392572,31.06208038330101],[77.88748931884771,31.154701232910156],[78.01423645019531,31.154939651489258],[78.35632324218756,31.290870666503906],[78.47010803222673,31.203750610351562],[78.59536743164091,31.236391067504883],[78.64769744873064,31.194669723510856],[78.79503631591808,31.205039978027344],[78.86225128173828,31.11240959167486],[78.94211578369169,31.105028152465877],[78.99669647216791,31.117589950561637],[78.90991210937494,31.233888626098633],[78.9231033325197,31.325389862060774],[78.9916076660158,31.364030838012752],[79.0451965332033,31.468120574951286],[79.1288604736331,31.438730239868107],[79.19477844238287,31.353622436523438]]]}},{"type":"Feature","properties":{"name":"West Bengal","type":"State"},"geometry":{"type":"MultiPolygon","coordinates":[[],[[[88.49771118164068,21.599754333496378],[88.53138732910173,21.54249954223627],[88.48170471191435,21.554725646972713],[88.49771118164068,21.599754333496378]]],[],[[[88.83472442626959,21.607221603393725],[88.90361022949247,21.55583381652832],[88.84278106689482,21.553888320922795],[88.83472442626959,21.607221603393725]]],[[[88.72885131835943,21.637081146240348],[88.73583221435564,21.571672439575195],[88.70720672607416,21.594221115112248],[88.72885131835943,21.637081146240348]]],[[[88.53721618652372,21.638620376586914],[88.58750152587896,21.601942062378157],[88.5500030517581,21.56361007690458],[88.55666351318388,21.604446411132812],[88.51000213623064,21.602220535278548],[88.53721618652372,21.638620376586914]]],[],[[[88.77194213867193,21.653062820434513],[88.79805755615234,21.591665267944563],[88.75194549560553,21.576665878296012],[88.72956848144548,21.639949798583928],[88.77194213867193,21.653062820434513]]],[[[88.96576690673834,21.64153480529808],[88.99250030517607,21.6166667938233],[88.95591735839838,21.61756706237793],[88.9552078247072,21.67709159851097],[88.96576690673834,21.64153480529808]]],[],[[[88.57688140869169,21.691734313964787],[88.60221862792974,21.620557785034123],[88.55397796630865,21.63953018188505],[88.57688140869169,21.691734313964787]]],[],[[[88.98448944091825,21.70568847656267],[89.0287628173831,21.60482215881342],[88.96401977539068,21.645740509033203],[88.95084381103521,21.700721740722827],[88.98448944091825,21.70568847656267]]],[[[88.80665588378912,21.70667266845703],[88.79694366455084,21.655277252197266],[88.7305526733399,21.68472099304222],[88.80665588378912,21.70667266845703]]],[[[88.31108093261736,21.7063503265382],[88.35807037353521,21.647500991821403],[88.31527709960955,21.608055114746094],[88.31108093261736,21.7063503265382]]],[[[88.45403289794928,21.709341049194563],[88.44223022460966,21.61499977111839],[88.41855621337896,21.68256950378418],[88.45403289794928,21.709341049194563]]],[[[88.69712066650408,21.712879180908203],[88.75137329101568,21.648719787597884],[88.72289276123064,21.638620376586914],[88.69712066650408,21.712879180908203]]],[[[88.20450592041021,21.721181869506893],[88.21194458007818,21.601667404174748],[88.18138885498064,21.686109542846964],[88.20450592041021,21.721181869506893]]],[[[89.05920410156256,21.721803665161133],[89.09503936767584,21.64396095275879],[89.05158996582037,21.61753082275402],[89.00979614257818,21.704870223999194],[89.05920410156256,21.721803665161133]]],[[[88.97799682617216,21.72687530517578],[89.02052307128918,21.713550567627067],[89.00775909423857,21.652221679687614],[88.97799682617216,21.72687530517578]]],[[[88.54566955566423,21.73612976074247],[88.59069824218767,21.690628051757812],[88.54301452636736,21.723913192749137],[88.57420349121105,21.69402694702154],[88.55091857910162,21.636489868164062],[88.51724243164062,21.71084022521984],[88.54566955566423,21.73612976074247]]],[],[[[88.88305664062494,21.745279312134016],[88.94027709960932,21.695278167724553],[88.92082977294916,21.632221221924055],[88.87305450439459,21.694444656372184],[88.88305664062494,21.745279312134016]]],[[[88.41233825683594,21.731260299682845],[88.431938171387,21.62735939025879],[88.39861297607439,21.595556259155217],[88.40354156494169,21.71667289733881],[88.36863708496122,21.727340698242244],[88.39499664306658,21.755001068115234],[88.41233825683594,21.731260299682845]]],[[[88.2209091186524,21.762149810791072],[88.2720031738283,21.75440597534174],[88.31027984619135,21.67638969421415],[88.29166412353521,21.56305313110363],[88.21639251709013,21.61638832092291],[88.2209091186524,21.762149810791072]]],[[[88.92710113525419,21.761949539184684],[88.98748016357428,21.74472045898466],[88.98332977294933,21.70583152771013],[88.92278289794939,21.719707489013842],[88.92710113525419,21.761949539184684]]],[[[88.36538696289091,21.76416587829584],[88.39805603027361,21.713333129882812],[88.3605575561524,21.68638992309593],[88.36538696289091,21.76416587829584]]],[[[89.00511932373075,21.764976501464787],[89.0592803955081,21.72591972351097],[89.01741027832037,21.717779159546183],[89.00511932373075,21.764976501464787]]],[[[88.83167266845709,21.76610946655296],[88.86528015136747,21.758611679077262],[88.84583282470732,21.62000083923357],[88.80889892578142,21.638790130615348],[88.81500244140642,21.710000991821346],[88.7625122070312,21.70137023925787],[88.83167266845709,21.76610946655296]]],[],[],[],[[[88.58222198486357,21.777780532837028],[88.61637115478544,21.727626800537166],[88.57971954345709,21.72583961486839],[88.58222198486357,21.777780532837028]]],[],[],[[[88.99967193603521,21.78546905517601],[89.00428009033209,21.71607208251976],[88.95111083984403,21.757778167724894],[88.99967193603521,21.78546905517601]]],[],[],[],[[[88.45861053466803,21.788650512695483],[88.4331359863283,21.704481124877873],[88.42336273193388,21.767724990844897],[88.45861053466803,21.788650512695483]]],[[[88.71620178222673,21.80738067626953],[88.77665710449236,21.721109390259073],[88.73586273193376,21.719291687011946],[88.74804687500017,21.65833091735857],[88.69499969482416,21.7438907623291],[88.71620178222673,21.80738067626953]]],[],[[[88.54457092285156,21.810319900512923],[88.57250213623075,21.735555648803654],[88.51944732666021,21.719165802001953],[88.53528594970709,21.792020797729435],[88.50417327880865,21.77082824707037],[88.54457092285156,21.810319900512923]]],[[[88.42180633544933,21.81109046936041],[88.42276000976574,21.71982002258295],[88.38265991210943,21.779100418091105],[88.42180633544933,21.81109046936041]]],[],[],[],[[[88.78749847412104,21.745000839233455],[88.75666046142595,21.73340988159174],[88.74975585937517,21.769649505615178],[88.78210449218761,21.82519340515148],[88.78749847412104,21.745000839233455]]],[[[88.91583251953153,21.825834274291992],[88.89778137207048,21.75194358825695],[88.88305664062494,21.80805778503435],[88.91583251953153,21.825834274291992]]],[],[],[[[88.48487854003912,21.834690093994084],[88.49608612060564,21.807781219482536],[88.453140258789,21.80566024780302],[88.48487854003912,21.834690093994084]]],[[[88.94139099121122,21.84722137451172],[88.97666931152372,21.820556640625],[88.91416931152361,21.755559921264762],[88.94139099121122,21.84722137451172]]],[[[88.59221649169939,21.850000381469783],[88.6141662597658,21.798059463500977],[88.57604217529297,21.817033767700252],[88.59221649169939,21.850000381469783]]],[],[],[[[88.33113098144548,21.86068725585966],[88.37996673583984,21.78726959228527],[88.31710052490263,21.708909988403605],[88.31085968017572,21.795635223388672],[88.2597732543947,21.804206848144588],[88.33113098144548,21.86068725585966]]],[[[88.85610961914074,21.8652801513673],[88.91333007812511,21.72777938842796],[88.8349990844726,21.78166770935087],[88.85610961914074,21.8652801513673]]],[],[[[88.13694763183611,21.875000000000114],[88.17066192626947,21.742401123046932],[88.1547241210938,21.6499996185305],[88.10916900634771,21.62583351135254],[88.03666687011724,21.675001144409237],[88.13694763183611,21.875000000000114]]],[[[88.78916931152372,21.87861061096197],[88.82971954345703,21.86222076416027],[88.79499816894548,21.79138946533226],[88.7658309936524,21.82888984680187],[88.78916931152372,21.87861061096197]]],[[[88.97905731201189,21.893489837646484],[89.02999114990234,21.834529876709155],[88.97049713134771,21.77509117126465],[88.94278717041033,21.78650093078636],[88.97663879394537,21.80508995056175],[88.95028686523443,21.83809089660639],[88.97905731201189,21.893489837646484]]],[[[88.6216659545899,21.897779464721737],[88.65351867675787,21.867708206176758],[88.63889312744169,21.784717559814396],[88.59471893310564,21.85444450378418],[88.6216659545899,21.897779464721737]]],[],[[[88.81694793701178,21.901111602783203],[88.82943725585966,21.864717483520565],[88.80027770996088,21.87055587768549],[88.81694793701178,21.901111602783203]]],[],[],[[[88.44647979736328,21.904920578003043],[88.4901504516601,21.85638046264654],[88.46145629882818,21.789810180664062],[88.39251708984392,21.832601547241495],[88.44647979736328,21.904920578003043]]],[[[88.71805572509794,21.907222747802734],[88.78056335449224,21.8594398498538],[88.75776672363298,21.78111076354992],[88.69666290283232,21.83805465698248],[88.71805572509794,21.907222747802734]]],[],[],[],[[[88.6399993896485,21.921680450439396],[88.66750335693388,21.91167068481468],[88.63445281982428,21.87055969238304],[88.6399993896485,21.921680450439396]]],[],[[[88.8365554809572,21.917892456054744],[88.91517639160162,21.92818069458025],[88.97666931152372,21.867500305175838],[88.94333648681635,21.884721755981673],[88.94721984863287,21.840562820434513],[88.90693664550798,21.878889083862532],[88.93916320800798,21.850000381469783],[88.88804626464861,21.81222152709961],[88.8365554809572,21.917892456054744]]],[[[88.72360992431635,21.931943893432674],[88.79944610595709,21.919721603393782],[88.80805206298857,21.884443283081282],[88.77610778808611,21.869720458984546],[88.72360992431635,21.931943893432674]]],[],[[[88.7453918457033,21.97973823547369],[88.79939270019531,21.925928115844954],[88.73332977294916,21.924720764160213],[88.7453918457033,21.97973823547369]]],[],[[[88.6599731445313,22.019212722778377],[88.71578216552729,22.000640869140852],[88.67815399169933,21.942867279052905],[88.62864685058611,21.958030700683764],[88.6599731445313,22.019212722778377]]],[[[88.14138793945318,22.02639007568382],[88.04722595214872,21.91167068481468],[88.0733261108399,21.995281219482536],[88.14138793945318,22.02639007568382]]],[[[88.81276702880865,22.01944160461437],[88.90249633789091,22.01166915893566],[88.90727233886747,21.929536819458065],[88.7525024414063,21.95611190795921],[88.75332641601591,21.98527908325201],[88.80029296875,21.970453262329045],[88.76172637939482,22.014907836914062],[88.81276702880865,22.01944160461437]]],[],[],[[[88.90278625488287,22.0453338623048],[88.89170074462908,22.014724731445312],[88.85198211669922,22.04123115539568],[88.90278625488287,22.0453338623048]]],[],[[[89.01619720458979,22.05092048645031],[89.07357788085966,22.00415992736845],[89.05976104736334,21.931970596313477],[88.99954986572294,21.94948387146019],[89.03250122070318,22.002082824707202],[88.97447204589861,21.993642807007006],[88.98493194580095,22.05494880676264],[89.01619720458979,22.05092048645031]]],[],[[[88.81185913085949,22.060754776001204],[88.83220672607428,22.027170181274414],[88.78015899658209,22.03783226013212],[88.81185913085949,22.060754776001204]]],[[[88.87055969238287,22.07893943786621],[88.89028930664091,22.0478324890139],[88.8359603881836,22.02544975280773],[88.81999969482428,22.064172744750977],[88.87055969238287,22.07893943786621]]],[],[],[],[[[88.80346679687511,22.08527374267578],[88.83621215820318,22.066339492798136],[88.74842834472673,22.057422637939737],[88.78375244140625,22.10694313049322],[88.80346679687511,22.08527374267578]]],[[[88.81790161132818,22.123029708862532],[88.86750030517584,22.082502365112248],[88.80590057373053,22.084753036499308],[88.81790161132818,22.123029708862532]]],[],[[[88.86514282226562,22.16699028015148],[88.91574859619146,22.090299606323356],[88.83069610595709,22.127080917358455],[88.86514282226562,22.16699028015148]]],[[[88.94996643066435,22.189191818237305],[88.98491668701166,22.127122879028548],[88.92394256591797,22.02420234680187],[88.9461059570313,22.000001907348746],[88.93486022949224,22.05513954162592],[88.96363830566412,22.05699157714838],[89.01257324218744,21.901994705200366],[88.97638702392595,21.946111679077262],[88.93588256835966,21.93649101257347],[88.91271972656256,21.994359970092887],[88.90143585205078,22.06528282165533],[88.94034576416016,22.127977371215934],[88.8939361572265,22.16969871521013],[88.94996643066435,22.189191818237305]]],[[[89.00193023681658,22.199171066284237],[89.05047607421903,22.13063240051281],[89.01464843750028,22.11400794982916],[89.03822326660162,22.053392410278434],[89.0233764648438,22.078786849975643],[88.9779129028322,22.039922714233683],[88.97268676757841,22.193437576294116],[89.00193023681658,22.199171066284237]]],[[[88.69519042968744,22.20861244201666],[88.78916931152372,22.16944885253929],[88.68305206298834,22.08083152770996],[88.72104644775396,22.005300521850586],[88.66377258300798,22.023761749267578],[88.6341857910158,22.10621070861845],[88.69519042968744,22.20861244201666]]],[[[88.84474945068376,22.189191818237305],[88.85588836669928,22.14445304870634],[88.70471954345697,22.065000534057617],[88.7491607666015,22.135000228881836],[88.83827209472673,22.167032241821346],[88.82805633544928,22.208040237426815],[88.84474945068376,22.189191818237305]]],[],[[[88.93237304687506,22.225000381469954],[88.96158599853527,22.19721031188965],[88.93148040771513,22.177011489868107],[88.93237304687506,22.225000381469954]]],[[[88.81259918212896,22.28339195251465],[88.83405303955078,22.166852951049805],[88.7472457885745,22.198629379272575],[88.81259918212896,22.28339195251465]]],[[[88.84986114501982,22.36291694641119],[88.93692779541021,22.29911231994646],[88.9540786743164,22.22524070739746],[88.91387176513678,22.219903945922965],[88.8433303833009,22.289720535278434],[88.91860961914068,22.16534996032715],[88.84101104736334,22.214263916015852],[88.87583923339861,22.252803802490405],[88.83943176269548,22.215526580810604],[88.88108062744146,22.200164794921932],[88.80055999755865,22.22584152221708],[88.82956695556646,22.253721237182674],[88.80416870117193,22.32972145080572],[88.84986114501982,22.36291694641119]]],[[[88.98475646972673,22.382432937622013],[89.02333068847662,22.297502517700252],[88.99388885498047,22.286111831664982],[89.0686416625976,22.147361755371378],[89.09626007080107,22.155012130737475],[89.06218719482439,22.12842941284174],[88.94721984863287,22.25555992126465],[88.96736145019526,22.407690048217887],[88.98475646972673,22.382432937622013]]],[],[],[],[],[],[],[],[],[[[88.89769744873075,22.548860549926985],[88.8980560302735,22.366666793823356],[88.84361267089861,22.50679969787592],[88.89769744873075,22.548860549926985]]],[],[[[88.92016601562506,22.565305709838867],[88.95996093750017,22.548620223999308],[88.9986114501956,22.430292129516715],[88.95777893066435,22.36472129821783],[88.93944549560553,22.419010162353572],[88.941947937012,22.30988121032732],[88.89643096923845,22.37982940673851],[88.93000030517595,22.390279769897518],[88.89472198486345,22.466112136840877],[88.92016601562506,22.565305709838867]]],[],[[[88.67597198486345,24.315500259399528],[88.67481994628923,24.314569473266715],[88.67510223388683,24.315378189086914],[88.67597198486345,24.315500259399528]]],[[[88.12690734863287,27.12308120727539],[88.30449676513678,27.128601074218864],[88.43194580078153,27.081609725952205],[88.52993011474615,27.150150299072436],[88.52075195312506,27.178180694580078],[88.59147644042986,27.194459915161246],[88.80004882812528,27.136819839477596],[88.86991882324219,27.108720779418945],[88.874984741211,26.95154571533226],[88.9190063476563,26.996200561523494],[88.96237945556669,26.92413139343256],[89.02491760253918,26.940271377563477],[89.13107299804705,26.80806922912592],[89.37716674804693,26.86629104614252],[89.45928192138672,26.80625915527355],[89.6447372436524,26.78094482421875],[89.63217926025396,26.719249725341797],[89.75666046142595,26.73646354675293],[89.77439880371111,26.699558258056754],[89.85694122314482,26.703781127929915],[89.86949920654325,26.44841957092291],[89.82727813720709,26.396472930908317],[89.85729217529325,26.38446044921875],[89.78201293945312,26.353279113769645],[89.75865936279303,26.28932952880865],[89.71568298339844,26.301980972290096],[89.73745727539068,26.271100997924805],[89.7048110961914,26.269901275634766],[89.72876739501982,26.238201141357365],[89.6972274780274,26.217229843139762],[89.7320327758789,26.21228981018072],[89.69483947753906,26.18907165527338],[89.73375701904297,26.173370361328182],[89.68707275390625,26.159032821655387],[89.68934631347673,26.228281021118164],[89.63758087158232,26.227678298950195],[89.66062164306646,26.175630569458008],[89.59469604492182,26.15703964233421],[89.6329879760745,26.118900299072493],[89.59665679931658,26.100891113281307],[89.6326675415039,26.106969833374137],[89.6523513793947,26.062231063842773],[89.6083602905274,26.063610076904354],[89.59066009521513,25.975650787353743],[89.55449676513689,25.964620590210018],[89.5522918701173,26.000860214233455],[89.46734619140625,25.998001098632812],[89.42954254150408,26.045618057251033],[89.35244750976591,26.010509490966797],[89.23017120361357,26.122640609741325],[89.16723632812528,26.133840560913143],[89.10842895507818,26.282342910766715],[89.14444732666021,26.32077980041504],[89.0911407470706,26.321880340576286],[89.09353637695318,26.39923286438011],[88.96434020996111,26.463132858276367],[88.91127014160185,26.41206932067871],[88.91989135742188,26.369939804077205],[88.96362304687506,26.36580276489252],[88.96379852294939,26.332670211791992],[88.99143218994158,26.352210998535156],[88.99188995361334,26.304779052734432],[89.06516265869152,26.29393959045433],[89.06970214843756,26.255332946777344],[88.9704360961914,26.24155807495123],[88.8883514404298,26.291570663452205],[88.88510894775402,26.238849639892635],[88.84678649902372,26.234270095825252],[88.74919128417986,26.353240966796932],[88.70436859130876,26.33436012268072],[88.70268249511736,26.388460159301758],[88.62069702148443,26.471069335937557],[88.55712127685564,26.45685005187994],[88.56105804443388,26.488920211791992],[88.43540954589838,26.546819686889762],[88.41535186767607,26.63412284851097],[88.37754058837896,26.59350967407238],[88.33436584472673,26.478679656982536],[88.35591125488298,26.445810317993278],[88.36760711669928,26.48705291748047],[88.48324584960966,26.461109161377067],[88.52482604980497,26.359838485718],[88.45789337158232,26.37375068664545],[88.35175323486334,26.281581878662166],[88.35251617431646,26.219989776611555],[88.18044281005876,26.145692825317383],[88.18711090087908,26.02406120300293],[88.08676147460938,25.912500381469783],[88.11714172363287,25.796659469604606],[88.15170288085943,25.773771286010856],[88.26992797851568,25.80813980102539],[88.45672607421903,25.66049957275419],[88.4463958740235,25.596981048583984],[88.50004577636747,25.58126258850092],[88.54292297363293,25.506620407104492],[88.69888305664068,25.469970703125114],[88.81038665771479,25.519750595092717],[88.84365844726568,25.362409591674805],[89.0112533569336,25.292381286621207],[88.95664215087919,25.25926971435547],[88.92302703857428,25.167129516601506],[88.8449096679687,25.211200714111385],[88.80378723144537,25.17229080200201],[88.70922851562506,25.20960044860834],[88.4458465576173,25.196289062500114],[88.45381164550787,25.035600662231445],[88.4014968872072,24.945690155029524],[88.3417282104495,24.93901062011713],[88.3251495361331,24.865890502929744],[88.26381683349615,24.875459671020565],[88.2279663085938,24.959430694580135],[88.13968658447271,24.936128616333065],[88.17560577392607,24.86098289489746],[88.01056671142584,24.666660308837947],[88.14785003662115,24.505630493164176],[88.33300781250017,24.383190155029524],[88.4483795166015,24.37704086303711],[88.55500030517572,24.296489715576286],[88.5862579345706,24.325941085815373],[88.73468780517578,24.27523994445812],[88.6946868896485,24.113399505615178],[88.7376327514649,24.059429168701115],[88.72718811035185,23.994501113891715],[88.77098846435553,23.984781265258903],[88.73496246337896,23.978170394897575],[88.73153686523443,23.912982940673828],[88.57598114013666,23.859750747680664],[88.60173034667963,23.816850662231502],[88.55928039550787,23.784130096435604],[88.56167602539057,23.642070770263786],[88.59242248535173,23.636571884155387],[88.58085632324224,23.600740432739315],[88.64492034912115,23.608060836791992],[88.74291992187517,23.48077964782709],[88.7985076904298,23.494890213012752],[88.74607849121122,23.309801101684513],[88.69740295410162,23.296480178833008],[88.72035980224604,23.25266265869152],[88.79670715332048,23.215570449829045],[88.8178787231447,23.25098991394043],[88.99469757080095,23.212360382080192],[88.86956787109392,23.095359802246037],[88.87341308593756,23.004341125488395],[88.84673309326178,23.00243186950678],[88.90933227539091,22.87740135192894],[88.96752929687528,22.84262847900385],[88.91918945312506,22.761711120605753],[88.94728088378918,22.659851074218807],[88.80959320068388,22.710670471191577],[88.80908203125017,22.751136779785156],[88.84730529785162,22.751741409301758],[88.80577087402372,22.733200073242188],[88.95771026611334,22.610780715942383],[88.8428115844726,22.507873535156364],[88.85244750976568,22.432832717895508],[88.7663879394533,22.56083488464367],[88.7688827514649,22.513591766357422],[88.69066619873064,22.52441215515148],[88.67740631103544,22.593498229980582],[88.68925476074247,22.52404975891136],[88.77799224853533,22.506502151489485],[88.87628936767584,22.35531044006376],[88.81888580322271,22.363611221313477],[88.73361206054693,22.195554733276424],[88.63504028320318,22.21640014648466],[88.68492126464861,22.29427528381376],[88.6661224365235,22.33904075622553],[88.67916870117182,22.293891906738224],[88.63091278076166,22.22204971313488],[88.67246246337919,22.201198577881087],[88.6192855834961,22.108840942382926],[88.57274627685547,22.189100265503043],[88.63665771484392,22.045289993286133],[88.60340118408232,22.023559570312557],[88.59658050537104,22.06726646423357],[88.60666656494169,21.91305732727068],[88.57833099365234,21.88944435119629],[88.54624938964861,21.973489761352653],[88.570541381836,21.903608322143498],[88.52805328369169,21.853055953979435],[88.49426269531256,21.879091262817326],[88.52553558349615,21.929441452026424],[88.49369812011724,21.96705245971691],[88.54331970214872,21.981994628906534],[88.55461883544916,22.03570938110363],[88.54141998291044,21.98171043396019],[88.49156951904303,21.966890335083008],[88.52066040039057,21.91539573669445],[88.47355651855463,21.895341873168945],[88.46089172363287,22.011579513549975],[88.45848083496088,21.918840408325423],[88.40866851806669,21.885330200195256],[88.3758163452149,21.9697208404541],[88.40636444091825,21.919784545898494],[88.39067077636724,21.798980712890625],[88.35488128662138,21.822799682617358],[88.35645294189453,21.924310684204272],[88.35317993164091,21.856924057006836],[88.26197814941435,21.858690261840763],[88.26638793945341,21.88361167907715],[88.3138275146485,21.84660720825218],[88.2589721679687,21.80762100219721],[88.28193664550787,21.761100769043026],[88.25166320800787,21.80194282531761],[88.2720031738283,21.730480194091854],[88.16333007812506,21.87944412231451],[88.15366363525419,21.95917320251465],[88.22389221191406,22.075275421142578],[88.2030563354495,22.166940689086914],[88.06972503662138,22.211944580078125],[88.10500335693388,22.304698944091797],[88.04915618896513,22.220001220703182],[87.98486328125028,22.245700836181754],[87.94638824462908,22.40611076354986],[87.88376617431669,22.44158935546875],[87.94222259521501,22.366388320922965],[87.9400024414063,22.260278701782454],[88.00861358642584,22.201389312744368],[88.13555908203153,22.184722900390682],[88.18888854980474,22.099166870117358],[88.06223297119146,22.01305961608898],[87.96335601806658,22.1034774780274],[88.05305480957037,22.01027870178234],[87.92916870117216,21.80055618286127],[87.7897186279298,21.69499969482422],[87.48203277587896,21.608703613281307],[87.44367218017584,21.760889053344727],[87.26242065429705,21.81385993957514],[87.234848022461,21.954380035400447],[87.16744232177751,21.973409652709904],[87.15828704834001,21.930549621581974],[87.09353637695324,21.907899856567326],[87.09464263916021,21.86034011840826],[87.03024291992216,21.865310668945256],[86.99793243408209,21.907501220703125],[87.01761627197277,22.041280746460075],[86.83200836181646,22.095109939575423],[86.7903213500976,22.153940200805607],[86.71544647216803,22.14349174499523],[86.72278594970732,22.215248107910213],[86.80011749267584,22.21363067626953],[86.79026794433605,22.262800216674805],[86.8856811523437,22.25212097167963],[86.88623046875028,22.29412078857422],[86.82919311523466,22.3245906829834],[86.84393310546875,22.396060943603516],[86.762260437012,22.425231933593807],[86.74540710449224,22.47567939758312],[86.79860687255865,22.498821258545036],[86.75994110107433,22.572429656982536],[86.65170288085955,22.57579040527338],[86.61786651611357,22.673389434814453],[86.5392532348634,22.720649719238338],[86.50659179687506,22.70152091979986],[86.41615295410173,22.776508331298942],[86.4630432128908,22.89663124084484],[86.43282318115246,22.923402786254883],[86.51835632324236,22.944330215454215],[86.540283203125,22.987230300903434],[86.20642852783214,22.994070053100586],[86.03692626953125,23.143610000610465],[85.9149932861331,23.129529953002987],[85.83241271972685,23.19264030456543],[85.82636260986328,23.26312065124523],[85.8956909179688,23.37059020996088],[85.86602783203125,23.47023010253912],[85.9439086914063,23.454620361328352],[86.04722595214844,23.493642807006893],[86.01077270507841,23.551649093628157],[86.03737640380865,23.58345985412609],[86.14476776123053,23.567771911621207],[86.14553070068365,23.473070144653263],[86.23874664306658,23.469690322875977],[86.24317932128912,23.419580459594783],[86.30000305175781,23.420061111450195],[86.37194824218756,23.4826602935791],[86.35797119140642,23.543060302734375],[86.43988037109386,23.62961006164562],[86.79203796386713,23.687370300293082],[86.81977081298834,23.761070251464844],[86.79283905029314,23.83138084411621],[86.87121582031267,23.844181060791072],[86.88226318359375,23.814479827880973],[86.89501190185575,23.87995147705101],[87.12416076660173,23.7950382232666],[87.1664428710937,23.819589614868278],[87.13092803955107,23.866960525512695],[87.242729187012,23.826160430908146],[87.24822235107433,23.90701103210455],[87.27041625976562,23.872940063476676],[87.29454803466803,23.898571014404354],[87.2379760742187,24.04121971130371],[87.4579696655274,23.981420516967887],[87.43383026123075,24.008321762085075],[87.51055145263672,24.039831161498967],[87.49359893798845,24.115209579467773],[87.57615661621094,24.08526039123541],[87.60761260986322,24.128942489624023],[87.56938171386724,24.155651092529354],[87.69248199462919,24.15447044372553],[87.63571166992205,24.242530822753963],[87.75627899169928,24.303592681884766],[87.81002044677751,24.406620025634766],[87.78475189208996,24.414541244507063],[87.82287597656256,24.49440956115734],[87.79515075683611,24.4910507202149],[87.80634307861357,24.545200347900504],[87.76940917968767,24.581760406494368],[87.84821319580084,24.55105018615734],[87.90997314453142,24.593868255615178],[87.8727416992187,24.61071968078619],[87.91340637207048,24.65855979919445],[87.90083312988298,24.72159957885748],[87.81806182861328,24.765981674194336],[87.97334289550787,24.896482467651367],[87.77266693115234,25.099098205566406],[87.787582397461,25.22048950195324],[87.83664703369169,25.199260711669865],[87.85652160644526,25.277772903442496],[87.78398132324224,25.332429885864315],[87.759750366211,25.41008949279791],[87.92411041259766,25.535648345947322],[88.0275497436524,25.486141204833984],[88.07285308837908,25.50390052795433],[88.02102661132818,25.586921691894474],[88.04862976074236,25.690570831298942],[87.89846801757841,25.769760131836165],[87.91091156005876,25.85174942016613],[87.8228378295899,25.871467590332145],[87.80358123779303,25.92072105407715],[87.84211730957037,26.044481277465877],[87.96813201904314,26.081361770629826],[87.96405792236357,26.151979446411133],[88.06983184814453,26.175718307495117],[88.2919158935548,26.35391044616705],[88.2376098632812,26.375377655029297],[88.26790618896513,26.421752929687614],[88.17903900146513,26.490579605102596],[88.23120117187506,26.551982879638672],[88.14539337158209,26.510971069335994],[88.10504913330072,26.53584861755371],[88.19049835205072,26.77141189575218],[88.13748168945307,26.985267639160156],[87.99417114257818,27.105207443237532],[88.01696777343767,27.21887207031267],[88.12690734863287,27.12308120727539]]]]}}]}