land_acquisition_percentage,compensation_pending_rs,court_cases_count,affected_landowners_count,R&R_pending_count,award_delay_days,possession_delay_days,land_parcels_count,compensation_pending,court_case,possession_obtained,RoW_issue,encroachment,land_record_issue,government_coordination_delay,forest_clearance,R&R_required,delay_days_target
64.90142459033699,4723471.397657631,1,555,150,68,152,153,4723471.397657631,1,0,0,0,0,0,0,1,891
37.15861807471297,3515186.3257616553,2,1011,0,107,50,237,3515186.3257616553,1,0,0,1,1,1,0,0,1008
100.0,0.0,1,454,119,99,2,67,0.0,1,0,1,1,1,1,0,1,895
19.72743971404677,0.0,2,183,116,72,79,261,0.0,1,0,0,1,1,1,0,1,1197
31.2956781504512,0.0,2,464,0,71,168,335,0.0,1,0,1,0,0,1,0,0,918
96.93930967442017,4202723.219969598,0,487,0,26,182,290,4202723.219969598,0,0,0,0,1,0,0,0,519
65.04344994574416,7316373.305864056,1,519,148,76,160,174,7316373.305864056,1,0,0,1,1,0,0,1,1050
7.538877738487573,0.0,2,415,52,153,118,32,0.0,1,0,0,0,0,1,0,1,1088
59.046420270008376,0.0,2,728,0,123,71,338,0.0,1,0,1,0,1,0,1,0,999
76.20768246906138,0.0,1,287,123,117,110,161,0.0,1,0,0,1,1,0,0,1,765
56.82379803812388,7614285.508564856,1,211,0,143,151,229,7614285.508564856,1,0,1,1,1,0,0,1,921
28.569457459208966,0.0,0,873,123,123,62,124,0.0,0,0,1,0,1,1,0,1,854
42.638356519913884,0.0,2,349,160,114,284,209,0.0,1,0,0,0,1,0,0,1,1090
64.47417245729555,4751735.222236681,4,648,53,66,162,209,4751735.222236681,1,0,1,0,0,1,1,1,1620
15.710891065081308,6744894.315320906,2,713,115,101,121,287,6744894.315320906,1,0,0,1,1,1,0,1,1472
72.76907661479801,5330045.596218677,0,328,0,9,141,158,5330045.596218677,0,0,0,1,0,0,0,1,509
66.48729035188002,0.0,0,245,207,118,0,218,0.0,0,1,0,0,0,0,1,1,838
75.97265582510364,4331505.817699264,1,436,36,131,247,303,4331505.817699264,1,0,0,0,0,1,0,1,857
100.0,0.0,2,101,34,70,127,344,0.0,1,0,0,1,1,0,0,1,711
43.92627422505347,5121793.21423432,2,376,205,83,155,228,5121793.21423432,1,0,0,0,1,0,1,1,1515
31.332885052811626,4289022.718167281,4,610,64,89,127,327,4289022.718167281,1,0,0,1,1,0,0,1,1455
37.76253941686113,5523246.1119449325,2,452,0,128,139,186,5523246.1119449325,1,0,1,0,1,0,0,0,1087
73.74988081888807,3601706.8438161653,2,498,0,117,201,156,3601706.8438161653,1,0,1,1,0,0,1,0,1285
84.63063015226771,4045236.5388493584,3,562,0,156,101,199,4045236.5388493584,1,0,0,0,0,0,0,1,923
52.66619018395231,6380287.983422225,1,419,0,93,179,247,6380287.983422225,1,0,0,0,1,0,0,0,701
46.6720419311147,6952618.252962206,1,75,73,3,141,257,6952618.252962206,1,0,0,1,1,1,0,1,996
10.393003789380735,8662917.531708708,1,485,85,12,201,188,8662917.531708708,1,0,0,0,0,1,1,1,1470
95.48699968801688,5624916.962195895,1,286,92,28,152,306,5624916.962195895,1,0,0,0,1,0,0,1,875
85.37891552191479,5135036.962820218,2,629,168,70,99,26,5135036.962820218,1,0,0,1,0,0,0,1,1183
98.85846636713876,2239797.0835702172,1,497,0,125,143,196,2239797.0835702172,1,0,0,0,1,0,0,0,697
21.80360641017934,0.0,2,302,0,112,71,144,0.0,1,0,0,0,0,0,0,0,735
51.26402245225789,3600548.984014829,2,542,0,117,165,146,3600548.984014829,1,0,0,0,1,0,0,1,833
67.29670889167299,5622500.3090870725,1,804,0,0,74,57,5622500.3090870725,1,0,0,0,0,0,0,1,559
76.44919270848351,3252051.761029807,3,499,0,50,37,292,3252051.761029807,1,0,0,1,1,0,0,0,1011
30.480722926345184,0.0,1,402,102,52,136,194,0.0,1,0,0,0,1,1,1,1,1113
34.02259093338786,5198664.610858452,1,650,71,44,136,5,5198664.610858452,1,0,0,0,1,0,0,1,908
13.669514007126306,4702897.189985901,0,418,0,62,165,310,4702897.189985901,0,0,0,0,0,0,1,1,1026
55.09187853171121,0.0,0,517,158,101,140,158,0.0,0,0,0,0,0,1,0,1,592
60.82335274020285,7402427.844327889,1,418,0,137,69,41,7402427.844327889,1,0,1,0,1,1,0,0,834
54.9558314036173,6137873.348939283,0,601,162,98,134,154,6137873.348939283,0,0,0,1,0,0,0,1,844
39.574197986811356,6658277.369170536,0,757,0,69,165,107,6658277.369170536,0,0,1,0,1,0,0,0,676
94.88132934467549,5361061.683610863,1,1028,105,122,148,222,5361061.683610863,1,0,1,0,1,1,0,1,1104
53.00286327739095,3020790.3594828383,2,474,102,139,18,352,3020790.3594828383,1,0,0,0,1,0,0,1,973
0.0,2420078.2005178924,2,240,0,78,103,5,2420078.2005178924,1,0,1,0,1,1,0,0,1379
41.93333928335508,0.0,3,278,109,83,85,145,0.0,1,0,0,0,1,0,0,1,1043
0.0,7492170.384995258,0,85,0,26,73,88,7492170.384995258,0,0,0,0,1,1,0,0,963
71.65016192129704,0.0,0,274,125,42,98,177,0.0,0,0,0,1,1,1,0,1,646
68.47806820832791,0.0,1,166,188,66,182,129,0.0,1,0,0,0,1,0,0,1,822
0.0,3910155.5300821825,1,492,155,74,200,415,3910155.5300821825,1,0,0,0,1,1,0,1,1517
33.807209590719154,0.0,1,344,120,13,181,247,0.0,1,0,0,0,0,1,1,1,1149
97.11483905783416,1318251.5373367094,1,244,0,74,131,56,1318251.5373367094,1,0,0,0,0,1,0,0,689
100.0,4390892.723025485,1,384,0,95,18,298,4390892.723025485,1,0,1,0,0,1,0,0,665
37.98855919450046,6264815.478111042,1,694,0,30,106,306,6264815.478111042,1,0,1,1,1,1,1,0,1249
4.2034441490676056,4884190.1853244305,1,585,0,99,169,213,4884190.1853244305,1,0,0,0,0,1,1,1,1364
47.58752678873022,6876567.611951996,0,396,78,76,133,152,6876567.611951996,0,0,0,1,0,0,0,1,690
81.30637727859661,5534100.531738518,1,677,135,92,193,131,5534100.531738518,1,0,0,0,1,1,1,1,1297
93.60153431353103,3254738.745257979,0,658,0,44,56,6,3254738.745257979,0,0,1,0,1,1,0,0,590
100.0,0.0,2,367,114,200,81,146,0.0,1,0,0,0,1,0,0,1,841
14.79289378963625,3335288.853791543,1,594,0,196,176,115,3335288.853791543,1,0,1,0,0,1,1,1,1425
66.30497308368025,7167219.307810941,0,150,0,33,118,379,7167219.307810941,0,0,0,0,1,0,1,0,796
34.07393681239038,7647749.607574427,1,273,129,139,169,250,7647749.607574427,1,0,1,0,1,1,0,1,1288
24.993230381621995,5737346.617745803,2,421,0,98,122,64,5737346.617745803,1,0,1,0,1,0,0,0,1149
47.141134028391434,5558043.051540678,1,535,0,108,184,97,5558043.051540678,1,0,0,0,0,1,0,1,737
61.31635625193562,4737923.186002009,3,92,27,0,146,149,4737923.186002009,1,0,1,0,0,1,0,1,1114
15.591241137996823,8693273.992095333,1,285,144,80,77,133,8693273.992095333,1,0,0,0,0,1,0,1,1205
63.702596574613516,5919858.051644289,1,621,0,98,162,191,5919858.051644289,1,0,0,0,1,0,0,0,731
53.843132447323676,0.0,2,363,0,82,78,447,0.0,1,0,0,0,1,1,0,0,628
42.10034292158108,4193420.9960537595,0,980,98,80,121,220,4193420.9960537595,0,0,0,0,0,0,0,1,634
55.86230854989899,2874734.445167797,1,779,0,131,228,235,2874734.445167797,1,0,1,1,1,0,1,0,1221
78.50436412996494,9150521.74525053,2,362,0,60,90,167,9150521.74525053,1,0,1,0,0,1,0,0,914
100.0,0.0,3,587,87,14,143,264,0.0,1,0,1,0,0,0,1,1,1168
100.0,7157361.666862591,2,492,173,152,82,239,7157361.666862591,1,0,1,1,0,0,1,1,1557
41.25530063019529,6087200.309188865,2,425,81,39,42,316,6087200.309188865,1,0,1,0,1,0,0,1,1002
57.625216767386064,1886836.202680498,2,414,0,75,244,238,1886836.202680498,1,0,0,1,0,0,0,0,935
71.8288863091094,0.0,0,510,0,81,146,141,0.0,0,0,0,1,1,0,1,0,657
45.99260476084353,7171732.683735612,2,312,132,61,234,180,7171732.683735612,1,0,1,1,1,1,0,1,1470
78.8889658734239,5615241.510902104,0,539,122,118,51,363,5615241.510902104,0,0,0,0,1,0,1,1,919
80.15427719834054,4495239.913071101,3,737,38,122,158,328,4495239.913071101,1,0,0,0,0,0,0,1,1005
97.83515189674917,3306077.303363344,1,241,0,62,218,300,3306077.303363344,1,0,1,0,0,1,0,0,813
0.6380375912932457,9657238.016843133,4,645,0,78,143,181,9657238.016843133,1,0,0,0,0,0,0,1,1464
0.0,5793677.33169761,1,303,0,79,61,255,5793677.33169761,1,0,0,1,0,0,0,1,1070
47.745674995699495,5250449.005295815,4,414,0,26,224,75,5250449.005295815,1,0,1,0,1,0,0,0,1269
24.93958840220728,9290298.255546777,0,626,0,108,193,362,9290298.255546777,0,0,0,0,0,0,0,1,721
26.83087924020574,8355401.628152882,2,389,0,115,217,162,8355401.628152882,1,0,0,1,0,0,0,0,1100
51.022504047776785,0.0,1,346,116,127,0,237,0.0,1,0,1,1,1,0,0,1,794
48.32692767026882,3018615.2227245937,1,625,0,56,194,309,3018615.2227245937,1,0,1,0,0,0,1,1,1034
86.3929309993755,5283433.82727981,1,394,118,121,177,121,5283433.82727981,1,0,0,1,1,0,0,1,998
100.0,2737093.9586951397,4,412,158,102,139,133,2737093.9586951397,1,0,0,0,0,1,0,1,1487
51.51607446782018,5340994.470080862,0,992,84,90,41,93,5340994.470080862,0,0,0,0,0,0,1,1,786
65.23273010934501,5107976.836891586,1,312,92,114,43,103,5107976.836891586,1,0,0,1,0,0,1,1,1077
54.460023716063354,4325828.057763921,1,426,0,58,96,217,4325828.057763921,1,0,0,1,1,1,0,0,709
78.02959733717822,0.0,2,265,9,129,165,197,0.0,1,0,0,0,0,1,0,1,689
5.632652936776143,0.0,2,536,50,88,2,406,0.0,1,0,1,0,0,0,0,1,1015
100.0,3250359.239847762,4,44,20,71,114,292,3250359.239847762,1,0,1,0,1,1,0,1,1327
27.397463889614496,0.0,3,547,0,69,39,102,0.0,1,0,0,1,1,0,0,0,982
71.568599319952,0.0,0,699,62,33,89,228,0.0,0,0,1,0,1,0,1,1,713
30.69445308859571,6855680.256162474,3,329,0,106,57,5,6855680.256162474,1,0,0,0,1,0,0,0,1072
74.4721163761789,0.0,4,450,180,129,164,96,0.0,1,0,0,1,1,0,0,1,1420
61.99063855257925,3697286.212416342,0,747,101,193,184,10,3697286.212416342,0,0,0,0,1,1,0,1,888
45.84632048048679,0.0,1,255,89,51,85,258,0.0,1,0,0,1,1,0,0,1,713
93.64431934975228,0.0,1,343,132,24,53,154,0.0,1,0,1,1,0,0,0,1,753
56.740541772556575,6865181.66374618,2,194,163,98,69,421,6865181.66374618,1,0,0,0,1,0,0,1,1081
80.72187577434387,0.0,2,618,0,140,81,294,0.0,1,0,0,0,0,0,0,0,555
64.4017874026005,2269075.9556156397,4,430,0,101,97,308,2269075.9556156397,1,0,0,0,0,0,0,0,1032
0.0,0.0,2,602,0,66,53,194,0.0,1,0,0,1,0,0,0,1,976
17.064129249523294,0.0,3,479,0,80,141,177,0.0,1,0,0,0,1,0,0,0,1010
49.57941385227234,0.0,1,15,0,129,134,208,0.0,1,0,0,1,0,0,0,1,481
67.0116655216431,5932859.964867053,1,492,0,70,87,263,5932859.964867053,1,0,0,0,0,1,0,0,621
61.38446171496522,0.0,1,862,0,69,240,376,0.0,1,0,0,0,1,1,0,0,585
31.145454083118594,0.0,0,620,0,95,217,232,0.0,0,0,1,1,0,0,1,1,924
76.49329331441477,4844325.605974396,1,707,0,112,126,56,4844325.605974396,1,0,0,1,1,1,0,0,838
75.58321025366659,0.0,2,433,0,71,137,276,0.0,1,0,0,0,1,0,1,1,870
50.1743167562735,2875212.9437062405,2,585,0,143,275,257,2875212.9437062405,1,0,0,1,0,1,1,0,1321
19.803723041610766,7279757.12225809,2,759,0,88,152,116,7279757.12225809,1,0,1,0,0,0,0,0,1150
87.71179870067279,6996621.79629592,3,413,159,39,95,252,6996621.79629592,1,0,1,0,1,1,0,1,1393
29.667650884254456,0.0,1,644,133,108,105,267,0.0,1,0,0,0,0,1,0,1,953
57.5881044279524,0.0,1,487,88,108,93,275,0.0,1,0,1,1,1,0,1,1,1046
82.57946348525095,6318761.172373903,0,422,54,94,6,170,6318761.172373903,0,0,0,0,0,1,0,1,568
100.0,6468609.351122994,0,370,63,91,140,316,6468609.351122994,0,0,0,0,1,1,1,1,979
80.03138277701423,1379935.1934548416,2,362,205,39,193,374,1379935.1934548416,1,0,1,0,1,0,0,1,1429
44.723425627029904,7958157.9468115205,2,622,0,70,0,177,7958157.9468115205,1,0,1,0,0,0,0,0,735
40.7237276885041,3495687.188818834,2,467,0,120,66,226,3495687.188818834,1,0,0,0,1,0,0,1,835
30.41309682765314,1393720.6474881098,3,183,107,62,77,234,1393720.6474881098,1,0,0,0,0,0,0,1,1209
52.305556488763045,0.0,3,735,0,11,162,223,0.0,1,0,1,1,1,0,1,0,1170
53.256791173295696,0.0,1,1035,0,68,129,97,0.0,1,0,0,1,1,1,0,0,581
77.57462520830005,4468460.827012034,4,786,0,7,190,358,4468460.827012034,1,0,1,0,0,0,0,1,1198
21.06787236164923,0.0,2,413,0,14,71,296,0.0,1,0,0,0,1,0,0,0,803
35.78481958787252,4971095.458243442,2,482,0,73,11,164,4971095.458243442,1,0,1,0,1,0,1,0,1142
5.411689101491184,2612149.987201889,3,528,0,42,67,73,2612149.987201889,1,0,1,0,0,0,0,0,1275
43.84138725535697,9668327.16025408,4,410,0,32,278,49,9668327.16025408,1,0,0,1,1,1,0,1,1426
38.25054297734628,0.0,1,475,41,140,116,22,0.0,1,0,0,0,1,0,0,1,686
100.0,4460562.936885328,4,733,89,116,0,265,4460562.936885328,1,0,0,0,1,1,0,1,1281
20.850297963761424,2240763.6704221396,1,392,0,128,163,251,2240763.6704221396,1,0,1,0,1,1,0,1,1148
82.10450714949282,0.0,1,171,0,16,72,169,0.0,1,0,1,1,0,1,0,0,605
25.487341067954283,4641579.050749223,0,516,0,45,74,287,4641579.050749223,0,0,1,0,1,0,0,0,738
52.36688289795526,5046277.446196335,2,501,0,135,228,323,5046277.446196335,1,0,0,0,0,1,1,1,1211
100.0,0.0,1,133,0,88,88,215,0.0,1,0,1,0,0,0,0,0,474
54.655720515769374,3283100.119250628,0,725,0,122,90,302,3283100.119250628,0,0,1,0,1,0,1,0,843
48.03357179656985,8963383.612800058,2,604,59,93,131,138,8963383.612800058,1,0,1,0,0,0,1,1,1245
0.0,5033781.432484968,0,219,0,26,92,345,5033781.432484968,0,0,1,1,0,1,0,1,1096
17.844283008795337,3515987.7286847197,2,416,177,55,131,185,3515987.7286847197,1,0,0,0,0,0,0,1,1365
34.603593005852446,0.0,1,456,0,0,264,278,0.0,1,0,0,0,1,0,0,0,665
71.54557177123803,4524609.750620718,1,538,0,94,212,76,4524609.750620718,1,0,0,0,1,1,1,0,1012
55.200249931112246,5487906.395817,1,420,0,81,113,35,5487906.395817,1,0,1,0,0,1,1,1,1031
56.9210271715605,4588544.818344054,1,369,0,147,153,88,4588544.818344054,1,0,1,0,0,1,0,0,853
42.979404226790564,5932716.748892669,2,332,0,184,122,258,5932716.748892669,1,0,0,0,1,0,0,1,971
0.0,2152085.69509971,0,446,78,116,24,246,2152085.69509971,0,0,0,0,0,1,1,1,1279
32.56561863649951,5851774.412386072,1,503,0,46,169,339,5851774.412386072,1,0,0,0,1,0,0,0,842
68.55465141369426,0.0,1,458,0,111,162,184,0.0,1,0,0,0,1,0,0,0,468
9.676565889104394,1793479.066368101,3,363,139,152,45,128,1793479.066368101,1,0,1,0,1,0,0,1,1624
37.78891061219659,6372636.913913402,2,823,0,94,166,170,6372636.913913402,1,0,1,1,0,1,0,0,1179
10.234702649527804,0.0,2,502,0,121,146,240,0.0,1,0,0,0,1,1,0,1,982
59.58955477756932,6380473.600760545,0,10,63,43,58,125,6380473.600760545,0,0,0,1,1,0,0,1,663
63.87773878561853,2875405.689667252,2,260,0,155,16,140,2875405.689667252,1,0,0,1,0,1,0,1,867
2.346063787473256,6585869.706986214,1,899,0,229,184,299,6585869.706986214,1,0,0,1,1,1,1,0,1556
66.20072694850766,5879002.461240453,3,655,0,110,87,128,5879002.461240453,1,0,0,1,0,1,1,0,1337
73.22394384858096,2997125.8469898445,2,863,101,112,88,5,2997125.8469898445,1,0,0,1,0,0,0,1,1051
61.29722045417373,6619715.683274053,1,742,113,93,81,99,6619715.683274053,1,0,0,0,0,1,0,1,834
33.925956108431066,1585284.0848141066,1,608,92,140,206,164,1585284.0848141066,1,0,1,0,0,0,0,1,1077
10.150551456048477,5154947.437474459,0,802,69,6,64,50,5154947.437474459,0,0,0,0,0,0,0,1,791
52.62734656860767,0.0,0,579,72,77,220,334,0.0,0,0,1,0,0,1,0,1,694
80.4102722163159,2754910.3875111723,3,316,0,80,136,366,2754910.3875111723,1,0,1,0,0,0,0,0,1040
46.70691488551573,5994970.514611316,0,327,92,84,169,156,5994970.514611316,0,0,1,0,1,1,0,1,899
74.22592999456428,0.0,0,305,60,58,65,116,0.0,0,0,0,0,1,1,0,1,453
63.57594309078454,5151910.535832175,0,648,143,129,74,203,5151910.535832175,0,0,0,1,1,0,0,1,884
41.910751241094175,4538267.252310462,1,790,19,0,152,218,4538267.252310462,1,0,0,1,0,0,0,1,765
0.0,0.0,2,401,172,58,90,254,0.0,1,0,1,1,1,0,0,1,1483
17.44548420326606,3349178.9400420897,1,709,76,114,104,187,3349178.9400420897,1,0,0,0,1,1,0,1,1152
81.94630217870713,719468.2424440418,0,583,142,108,156,405,719468.2424440418,0,0,0,0,0,1,0,1,608
53.36314840473551,0.0,0,848,0,58,44,178,0.0,0,0,0,0,0,0,0,0,154
80.64149886288195,9176885.54573985,2,326,126,135,105,254,9176885.54573985,1,0,0,0,0,0,0,1,1070
20.12553815629313,6302272.483647314,1,10,0,101,277,88,6302272.483647314,1,0,1,0,0,0,0,0,1092
61.67477587003786,828368.2821534226,2,462,95,136,108,130,828368.2821534226,1,0,1,1,0,0,1,1,1229
0.0,5383078.59888966,0,388,0,76,200,92,5383078.59888966,0,0,0,0,0,0,0,1,877
88.68190590290072,0.0,0,693,89,89,155,266,0.0,0,0,0,0,1,0,0,1,529
68.72214245358427,5819525.591918995,2,327,0,103,147,219,5819525.591918995,1,0,0,0,1,0,0,0,838
100.0,0.0,0,456,0,55,78,285,0.0,0,0,0,0,0,1,0,1,265
83.25013059911451,0.0,1,619,28,139,70,139,0.0,1,0,1,0,1,0,0,1,628
68.76892800938003,3101151.346548472,1,786,0,105,26,209,3101151.346548472,1,0,0,1,1,0,1,1,915
60.051740872523524,0.0,1,563,0,124,156,98,0.0,1,0,0,0,1,0,0,0,489
68.66209970918146,7657866.639070819,0,577,154,133,139,363,7657866.639070819,0,0,1,1,0,1,0,1,1128
64.99592371221114,2201387.6503961175,2,625,144,87,80,318,2201387.6503961175,1,0,0,1,0,0,0,1,1120
80.34389106225069,0.0,0,768,39,106,96,381,0.0,0,0,1,1,0,0,0,1,564
75.61927929656672,3039477.64740498,1,1112,119,80,225,357,3039477.64740498,1,0,0,0,0,0,0,1,935
57.838000523956985,2738769.3301249472,2,624,144,61,135,282,2738769.3301249472,1,0,1,0,1,0,0,1,1216
59.253503249945446,4588281.138239319,0,350,0,82,27,150,4588281.138239319,0,0,0,0,1,1,1,0,744
76.23551222397568,3700469.546303466,1,423,0,63,92,218,3700469.546303466,1,0,0,1,0,0,1,0,894
24.54714097427556,7704056.95236143,0,556,41,90,34,278,7704056.95236143,0,0,0,0,0,0,1,1,904
30.933264757867896,6083684.178672635,3,828,86,128,117,59,6083684.178672635,1,0,1,0,0,1,0,1,1423
81.63294964919781,8125777.5370163955,0,445,0,175,217,421,8125777.5370163955,0,0,0,0,0,1,0,0,636
32.333995197839116,0.0,0,332,119,81,124,244,0.0,0,0,0,0,1,0,0,1,714
55.823228928600734,6039998.151595621,0,304,0,73,152,229,6039998.151595621,0,0,1,1,0,0,0,0,679
74.87389482008341,0.0,1,494,0,86,173,359,0.0,1,0,0,0,0,0,1,1,675
85.14986935341652,0.0,0,426,0,96,0,276,0.0,0,0,0,0,0,0,0,1,154
3.406038398935114,0.0,1,439,59,65,193,151,0.0,1,0,0,1,0,1,0,1,1118
100.0,3720016.366445102,0,466,176,96,77,79,3720016.366445102,0,0,0,1,1,1,0,1,1038
79.56349056845656,5662683.293558681,1,606,143,156,83,177,5662683.293558681,1,0,0,0,0,1,1,1,1196
15.359157721014027,5648114.056443121,0,270,104,0,108,36,5648114.056443121,0,0,1,1,1,0,1,1,1408
70.97040860039016,0.0,0,627,0,39,175,176,0.0,0,0,1,1,0,1,0,0,533
18.30327071719242,5458628.256869294,1,842,0,28,239,291,5458628.256869294,1,0,0,1,1,1,1,0,1391
71.97476308339407,5577447.325650047,1,593,0,112,52,441,5577447.325650047,1,0,0,1,0,0,0,1,639
43.63373090296543,1511338.5614434849,3,616,4,51,95,388,1511338.5614434849,1,0,0,0,0,0,0,1,923
63.00165847201684,2425672.8628315,2,220,0,21,0,154,2425672.8628315,1,0,1,1,0,0,0,1,837
60.08213503777007,0.0,1,891,0,97,123,372,0.0,1,0,0,0,0,1,1,0,741
43.50643331685657,3739427.1118697166,3,225,0,58,55,21,3739427.1118697166,1,0,1,0,0,0,0,0,958
41.232343536684795,1971059.3816384661,3,564,168,154,207,143,1971059.3816384661,1,0,0,0,0,1,1,1,1735
42.54414145776652,4535741.362903091,2,732,217,0,160,23,4535741.362903091,1,0,0,0,0,0,1,1,1468
62.588299160723544,7616023.831323556,4,264,103,74,196,308,7616023.831323556,1,0,0,1,0,1,0,1,1483
0.0,4344352.947314606,3,432,0,137,219,151,4344352.947314606,1,0,0,1,1,0,0,1,1525
45.818083980102976,0.0,0,647,82,86,109,203,0.0,0,0,1,0,0,0,0,1,548
63.29006391342126,0.0,1,451,139,85,83,243,0.0,1,0,0,0,1,1,0,1,791
0.0,3779954.045003288,0,635,0,55,0,162,3779954.045003288,0,0,0,0,0,0,1,1,972
44.909955236563334,0.0,1,422,0,97,214,114,0.0,1,0,0,0,0,1,1,0,826
7.155545136647072,0.0,4,596,0,58,48,289,0.0,1,0,0,1,0,1,1,1,1556
100.0,4439461.791072867,2,134,0,141,132,292,4439461.791072867,1,0,0,1,0,1,0,1,962
69.90343187454533,0.0,1,355,0,69,173,290,0.0,1,0,1,0,1,0,0,1,653
71.86727466688346,0.0,2,292,0,102,60,115,0.0,1,0,0,1,0,0,0,0,626
17.874427439466835,8822838.174279448,0,701,37,162,237,122,8822838.174279448,0,0,0,0,0,1,0,1,981
63.23921455097737,0.0,4,353,94,101,159,86,0.0,1,0,1,0,0,1,0,1,1285
100.0,3479621.1020758273,3,557,0,48,201,317,3479621.1020758273,1,0,1,0,1,0,0,0,1118
3.155203326744218,0.0,0,800,0,88,136,306,0.0,0,0,1,0,1,0,0,0,810
86.17868053713626,7283706.489621943,0,316,116,139,183,253,7283706.489621943,0,0,0,1,1,0,0,1,908
36.21353176514731,1523776.7209092267,1,489,50,51,125,318,1523776.7209092267,1,0,0,0,1,0,0,1,914
17.23509101845731,6669502.652649764,4,779,0,29,155,107,6669502.652649764,1,0,0,0,1,0,0,0,1383
80.31241478751966,3070589.14849857,2,825,74,74,145,207,3070589.14849857,1,0,0,0,0,0,0,1,839
29.42005874841736,1412215.0042642194,2,228,0,108,127,192,1412215.0042642194,1,0,1,0,0,0,0,0,1004
65.17896660367596,0.0,0,354,149,101,9,291,0.0,0,0,1,0,0,0,1,1,778
25.91526668147473,0.0,0,894,0,27,192,231,0.0,0,0,0,0,1,1,0,0,616
25.594089519012922,0.0,1,636,106,152,114,141,0.0,1,0,0,0,1,0,0,1,909
75.22203446388647,5415605.014706627,0,378,96,104,192,314,5415605.014706627,0,0,0,1,1,1,0,1,910
65.66751908053335,4804169.507114192,1,720,0,177,128,138,4804169.507114192,1,0,1,0,0,1,0,0,829
37.591530031110715,0.0,1,557,0,0,185,162,0.0,1,0,0,0,0,0,0,0,501
80.70591932556034,9207346.20612344,0,619,75,126,21,211,9207346.20612344,0,0,0,1,1,1,0,1,789
0.0,0.0,0,730,0,152,0,167,0.0,0,0,0,0,0,1,0,1,628
2.0720249121370427,0.0,0,599,73,26,278,110,0.0,0,0,1,1,0,1,1,1,1365
34.946474215654035,2255068.904231798,1,380,153,167,15,243,2255068.904231798,1,0,1,0,1,0,0,1,1166
0.0,7208141.2185641,1,306,0,163,202,83,7208141.2185641,1,0,0,0,0,0,0,0,1170
9.253649944214132,6357893.975524466,0,337,0,104,207,287,6357893.975524466,0,0,0,1,1,1,0,0,1041
34.05636345922355,1864281.1492690882,1,499,0,79,158,212,1864281.1492690882,1,0,0,0,0,1,0,0,852
51.54982930553239,0.0,0,545,153,146,143,355,0.0,0,0,1,0,0,0,0,1,700
25.538731150516362,2867530.1362015493,2,514,0,31,76,43,2867530.1362015493,1,0,1,0,1,1,0,1,1128
79.98257098033733,7518466.479573598,3,729,86,110,91,163,7518466.479573598,1,0,1,0,1,0,0,1,1206
82.45954427749827,6119400.944822844,2,537,95,108,142,117,6119400.944822844,1,0,1,0,0,0,0,1,1134
21.563218481930413,3997261.4566643634,1,216,88,123,145,226,3997261.4566643634,1,0,1,0,1,0,0,1,1210
28.13965799162628,0.0,1,551,0,99,86,242,0.0,1,0,1,1,1,0,0,0,781
50.873081249750676,5746697.119422796,0,562,159,33,163,259,5746697.119422796,0,0,1,0,1,0,0,1,970
84.53658922356841,0.0,1,514,0,83,98,304,0.0,1,0,0,1,1,0,0,0,494
100.0,6066718.489410899,0,667,160,137,172,168,6066718.489410899,0,0,1,0,0,1,0,1,1028
55.61886649469655,3167358.1618531607,2,332,0,109,122,56,3167358.1618531607,1,0,0,0,0,1,0,0,792
44.556527922574496,4787325.9949373705,2,375,129,45,229,34,4787325.9949373705,1,0,1,0,0,0,1,1,1468
73.79527064656033,4755885.735757446,0,425,0,29,148,267,4755885.735757446,0,0,0,0,0,1,1,0,763
18.744573636784146,7857715.415627135,1,205,0,85,92,142,7857715.415627135,1,0,0,0,1,1,1,0,1238
43.627132102686005,8008428.565659846,3,545,100,102,86,57,8008428.565659846,1,0,1,0,1,0,0,1,1285
26.539895224668893,0.0,0,348,67,15,175,169,0.0,0,0,1,0,0,0,1,1,934
40.19911360440908,0.0,1,423,114,98,198,258,0.0,1,0,0,1,0,0,0,1,841
30.82308316159604,0.0,1,321,124,50,89,110,0.0,1,0,0,1,1,1,0,1,951
52.930111302450065,3992991.676225402,3,481,0,72,48,160,3992991.676225402,1,0,1,0,1,0,0,0,1012
85.45673278879885,0.0,1,596,51,72,194,237,0.0,1,0,0,0,0,0,0,1,578
100.0,7181723.341207396,0,407,0,66,149,329,7181723.341207396,0,0,0,0,0,0,0,0,418
28.280290047721728,0.0,1,460,99,80,97,127,0.0,1,0,1,0,1,0,0,1,949
53.65444117324574,2219556.1496930746,0,531,45,23,75,319,2219556.1496930746,0,0,1,1,1,1,0,1,804
0.0,0.0,3,487,0,114,161,174,0.0,1,0,0,1,1,0,0,1,1321
33.34075833841859,7786909.0550488625,3,642,0,65,236,125,7786909.0550488625,1,0,1,0,1,0,0,0,1323
46.504688649590534,0.0,4,832,192,100,99,38,0.0,1,0,0,0,0,0,1,1,1513
14.376037947846845,2641261.7567347656,5,534,0,64,131,300,2641261.7567347656,1,0,0,0,0,1,0,1,1535
52.909105302825495,4711424.11472652,0,258,87,188,154,141,4711424.11472652,0,0,0,0,1,1,0,1,812
67.65958038147305,4832145.490254649,2,426,64,180,197,160,4832145.490254649,1,0,1,1,1,1,0,1,1292
11.765213525029319,5759100.609224459,2,88,117,114,87,392,5759100.609224459,1,0,0,0,1,0,1,1,1553
50.13803261291417,6639776.307963595,1,84,83,91,103,189,6639776.307963595,1,0,0,1,1,1,0,1,1025
0.0,0.0,0,374,64,62,214,202,0.0,0,0,0,0,0,0,0,1,827
32.6262767109276,3958272.6696982877,0,183,0,165,230,76,3958272.6696982877,0,0,0,0,0,1,1,1,1001
58.415970216657755,7032187.043293933,1,269,0,46,50,287,7032187.043293933,1,0,1,0,0,0,1,0,882
21.786191306427284,0.0,2,506,0,110,131,98,0.0,1,0,0,1,0,1,0,1,961
21.47267810938304,5637042.0095977485,0,537,114,48,85,183,5637042.0095977485,0,0,0,0,0,0,0,1,896
38.349591850965254,0.0,2,438,0,87,89,207,0.0,1,0,0,0,1,0,1,0,919
55.01111002179066,5834790.261467834,2,703,138,116,84,186,5834790.261467834,1,0,0,0,0,1,0,1,1083
86.36476065650993,4013710.2884917026,1,729,0,55,54,411,4013710.2884917026,1,0,1,0,0,0,0,0,605
0.0,0.0,2,836,0,135,75,365,0.0,1,0,0,0,1,1,0,0,1065
60.138725846963546,5512443.672163957,3,596,0,107,114,148,5512443.672163957,1,0,1,0,0,0,0,1,1022
65.79610051016921,4045178.587614399,0,502,0,111,188,190,4045178.587614399,0,0,0,0,0,0,0,0,487
35.369780771630026,4649243.088202618,2,598,190,74,136,149,4649243.088202618,1,0,0,0,0,0,0,1,1239
16.761749872550137,4166749.388769075,1,487,92,132,17,463,4166749.388769075,1,0,0,1,1,0,0,1,1039
67.13538218657627,0.0,1,170,0,117,126,137,0.0,1,0,0,0,0,0,0,0,401
33.858567245295845,4680629.6250234,2,586,83,91,99,35,4680629.6250234,1,0,1,1,1,0,0,1,1218
75.343231273451,0.0,4,873,120,147,83,160,0.0,1,0,0,0,1,0,0,1,1105
0.0,6784135.199463441,1,156,0,91,129,419,6784135.199463441,1,0,0,1,1,1,0,0,1235
81.06330249250834,3485746.3063678998,1,452,137,76,116,249,3485746.3063678998,1,0,0,0,1,0,0,1,867
13.367676077357975,956402.7200761052,0,479,0,86,141,409,956402.7200761052,0,0,1,0,1,1,0,0,763
36.271002519871544,5371377.160837478,1,472,0,144,192,47,5371377.160837478,1,0,0,0,0,0,0,0,756
71.10283750361927,5587297.547726141,2,486,0,38,66,353,5587297.547726141,1,0,1,1,0,1,0,0,962
0.0,3167716.9668373135,2,406,10,120,50,275,3167716.9668373135,1,0,0,1,1,0,0,1,1275
75.82174031720353,1392221.7479826098,2,106,0,86,0,204,1392221.7479826098,1,0,0,0,1,1,0,0,802
67.45336879156667,5614807.139439377,3,335,104,75,112,119,5614807.139439377,1,0,0,0,0,1,0,1,1093
100.0,0.0,4,378,0,71,154,185,0.0,1,0,1,1,1,0,0,0,1086
86.66195822588556,3198657.23497504,1,307,138,113,199,332,3198657.23497504,1,0,0,0,1,1,0,1,1078
38.45171334769756,4254118.959139727,0,869,0,124,116,61,4254118.959139727,0,0,0,0,1,0,0,0,638
83.74511180347106,7530891.039783307,1,570,0,52,180,226,7530891.039783307,1,0,1,0,0,0,0,1,726
4.611297001991977,4318802.586180277,1,600,0,80,190,259,4318802.586180277,1,0,0,1,1,0,0,0,1094
53.72135355280161,3748230.9381970307,0,519,70,37,40,44,3748230.9381970307,0,0,0,1,1,0,0,1,660
18.278064267683078,6259961.680695069,0,576,59,94,143,232,6259961.680695069,0,0,1,1,1,1,0,1,1221
69.13158491545748,0.0,1,589,103,69,151,118,0.0,1,0,0,0,0,1,0,1,703
32.66237669501868,2526959.327306656,0,635,173,114,89,14,2526959.327306656,0,0,0,1,0,0,0,1,955
62.38996736413392,5994309.656706879,0,441,97,112,129,238,5994309.656706879,0,0,0,0,0,0,0,1,647
22.61567242110461,2712881.080468999,0,608,0,150,44,397,2712881.080468999,0,0,1,0,0,0,0,1,761
86.53094432574245,5509199.539741838,0,718,159,123,81,221,5509199.539741838,0,0,1,0,1,0,0,1,915
82.07432791807742,3453125.0162646803,1,574,0,116,112,176,3453125.0162646803,1,0,1,0,1,0,0,0,821
7.2163289371647155,0.0,1,285,185,79,146,131,0.0,1,0,1,1,1,0,0,1,1363
32.107657760933606,0.0,2,440,0,91,126,81,0.0,1,0,1,1,0,0,0,0,890
71.76585119113956,5273343.742325765,3,408,46,81,83,214,5273343.742325765,1,0,0,1,0,1,0,1,1119
43.52118438949304,6874954.98501385,2,430,0,112,67,314,6874954.98501385,1,0,0,0,1,1,1,0,1134
62.458177373398215,0.0,0,265,213,89,113,154,0.0,0,0,1,0,1,0,0,1,892
69.19710202950598,2368228.5153475227,1,577,0,127,33,194,2368228.5153475227,1,0,1,0,1,0,0,0,772
38.27804256775435,2214529.055666007,1,493,118,83,252,255,2214529.055666007,1,0,0,0,0,0,0,1,1067
41.50345883164302,0.0,0,643,92,115,0,76,0.0,0,0,0,1,0,1,0,1,608
77.93808787986723,6463819.812344734,2,265,60,156,78,96,6463819.812344734,1,0,0,0,0,0,0,1,880
11.857664534777744,0.0,2,250,0,112,196,212,0.0,1,0,0,0,1,1,0,1,1043
92.20804237675252,4031763.0108303647,2,378,129,69,166,212,4031763.0108303647,1,0,0,0,0,1,0,1,1069
71.68480684956536,5223598.316406776,1,93,0,185,132,151,5223598.316406776,1,0,0,1,0,0,0,0,746
78.73518893324803,0.0,2,226,135,0,127,144,0.0,1,0,0,0,0,0,1,1,1033
42.92250412063628,4186229.5109912506,0,393,114,143,84,266,4186229.5109912506,0,0,0,1,1,0,1,1,1085
20.167144346006232,5499096.379196154,0,705,0,125,201,202,5499096.379196154,0,0,1,0,1,0,0,1,843
25.46218719243601,5558167.71669037,1,558,0,22,145,193,5558167.71669037,1,0,0,0,0,1,0,0,896
0.0,0.0,1,422,62,0,114,237,0.0,1,0,0,0,0,1,0,1,988
37.416957420243484,2222245.980733972,1,560,115,78,199,112,2222245.980733972,1,0,0,1,0,0,0,1,1089
44.03450769447047,6847017.232094738,2,289,129,117,5,209,6847017.232094738,1,0,0,0,0,1,0,1,1042
23.54310135370597,7332741.091338504,1,606,0,103,143,204,7332741.091338504,1,0,0,0,1,0,0,0,849
29.684292870401165,5831101.482948462,0,290,0,52,115,31,5831101.482948462,0,0,0,1,0,0,0,0,762
90.80347700540939,4093784.821249824,1,401,0,59,178,299,4093784.821249824,1,0,1,1,1,0,0,1,933
26.84684127821375,8219041.331551946,1,297,0,14,56,199,8219041.331551946,1,0,0,0,1,1,0,0,796
38.80195262176058,3197009.7862116885,1,620,74,149,169,215,3197009.7862116885,1,0,0,0,0,1,0,1,1004
60.97728013744482,8327465.664286947,2,561,77,100,42,185,8327465.664286947,1,0,0,0,0,0,0,1,866
64.14057472483186,0.0,0,463,109,90,193,298,0.0,0,0,0,1,0,0,0,1,565
12.228031222077613,6574033.139281783,1,548,162,48,160,305,6574033.139281783,1,0,0,1,0,0,0,1,1324
46.29967807861669,5618094.886065308,2,312,155,57,0,144,5618094.886065308,1,0,0,0,1,1,0,1,1147
100.0,0.0,2,558,88,93,131,439,0.0,1,0,0,0,0,0,1,1,950
0.0,0.0,0,562,189,126,69,157,0.0,0,0,0,0,0,1,0,1,1062
40.65956338661907,0.0,2,745,100,79,124,148,0.0,1,0,1,1,1,0,1,1,1319
55.676099104227056,4628151.038102458,2,180,0,147,120,76,4628151.038102458,1,0,1,1,0,0,0,1,1017
71.47202723512521,0.0,1,978,181,107,149,30,0.0,1,0,0,0,1,1,1,1,1174
0.0,7243723.009588504,2,462,39,39,162,201,7243723.009588504,1,0,0,0,1,0,0,1,1230
12.503320662828703,5062791.731065553,2,821,0,36,106,260,5062791.731065553,1,0,1,1,1,0,0,0,1226
20.192314532178916,0.0,1,527,0,133,259,198,0.0,1,0,0,0,1,1,0,0,917
8.241248571448061,0.0,1,840,61,93,181,250,0.0,1,0,1,1,1,1,0,1,1249
19.252158002426963,0.0,2,629,0,89,220,141,0.0,1,0,1,0,0,0,1,0,1228
47.91099640099675,0.0,1,489,0,52,128,209,0.0,1,0,1,0,0,1,1,1,797
51.50683097497041,4110661.8646021904,0,388,78,137,131,319,4110661.8646021904,0,0,1,1,0,0,0,1,861
59.767334503612105,2555647.869697975,2,583,0,95,69,83,2555647.869697975,1,0,0,0,1,0,0,1,762
23.557252814979407,0.0,2,780,0,103,43,158,0.0,1,0,1,0,0,0,0,0,787
56.55977920271893,4107358.9695313107,1,698,108,73,132,108,4107358.9695313107,1,0,0,0,0,1,0,1,940
23.292367398540392,1955170.6114665205,1,433,74,135,266,29,1955170.6114665205,1,0,1,0,0,0,0,1,1248
44.741164102879615,5798635.2034382615,1,331,0,118,227,201,5798635.2034382615,1,0,0,0,0,0,1,0,1000
78.73796165647052,3529854.0327452845,0,833,210,107,160,173,3529854.0327452845,0,0,0,0,0,1,0,1,1010
49.60086093864094,0.0,4,306,0,65,28,149,0.0,1,0,0,0,0,0,0,0,771
58.665948410590595,7382171.709546953,0,336,0,139,87,66,7382171.709546953,0,0,0,0,1,0,1,0,770
5.885313463062483,2474460.448602872,0,371,132,102,201,282,2474460.448602872,0,0,0,1,0,0,0,1,1255
5.115235605060509,3163575.666980417,5,652,50,78,184,187,3163575.666980417,1,0,0,0,1,0,1,1,1979
100.0,0.0,1,212,90,151,60,154,0.0,1,0,0,1,0,0,1,1,926
56.30909120665986,1780958.0338380414,1,360,0,101,191,122,1780958.0338380414,1,0,0,0,1,1,1,0,1028
39.58440514663213,0.0,2,654,0,134,66,226,0.0,1,0,0,0,0,0,0,1,602
62.238707292519436,5710051.2358698575,2,430,0,1,117,211,5710051.2358698575,1,0,0,0,0,0,0,0,734
40.891217813059974,1322446.564042009,2,337,0,84,206,163,1322446.564042009,1,0,1,1,1,0,0,1,1134
34.269201329552494,0.0,3,607,80,43,55,237,0.0,1,0,1,1,0,0,0,1,1071
0.0,7184205.922038668,2,204,0,92,71,114,7184205.922038668,1,0,0,0,1,0,0,0,1115
77.26437234049907,4184057.043797494,0,617,0,59,77,264,4184057.043797494,0,0,0,0,1,1,0,0,532
14.287767929765295,4658506.721003385,2,18,0,24,94,68,4658506.721003385,1,0,0,0,1,1,0,0,1136
29.071506481728306,0.0,2,309,0,104,35,155,0.0,1,0,0,0,1,1,0,0,790
18.910722578786892,4593077.71783939,1,497,0,161,137,224,4593077.71783939,1,0,1,0,1,1,0,0,1143
99.10219885491921,6239377.843224225,4,73,31,133,204,79,6239377.843224225,1,0,0,0,1,0,0,1,1185
97.98412820341369,6023557.957300988,0,623,0,123,123,229,6023557.957300988,0,0,0,0,0,0,0,1,468
26.39580029310845,0.0,4,343,125,118,45,49,0.0,1,0,0,0,0,0,0,1,1215
75.87206866276686,0.0,2,456,67,149,132,183,0.0,1,0,0,1,0,0,0,1,879
69.41998056540436,1744228.1220895667,2,839,0,67,199,102,1744228.1220895667,1,0,1,0,1,0,0,0,984
52.26729118010113,7097728.283750723,2,375,137,180,133,155,7097728.283750723,1,0,1,0,0,0,0,1,1200
20.602232756532665,1085322.8217320202,0,230,100,127,242,116,1085322.8217320202,0,0,1,0,0,1,0,1,1228
85.58436422126897,8080647.959639772,0,349,0,107,189,231,8080647.959639772,0,0,0,0,1,0,0,1,521
70.6062566960868,0.0,0,597,0,75,145,222,0.0,0,0,0,0,1,1,1,0,663
100.0,5189015.3060947815,2,290,0,47,48,191,5189015.3060947815,1,0,0,0,0,0,0,1,667
94.65184033074284,0.0,1,722,110,85,177,282,0.0,1,0,0,0,1,1,0,1,817
33.21361144131593,1140439.5363899465,2,420,153,135,19,170,1140439.5363899465,1,0,0,0,1,0,0,1,1181
22.327610454681402,3589635.951949143,1,631,0,121,162,26,3589635.951949143,1,0,0,0,1,0,0,0,961
55.3886681789577,0.0,4,769,71,56,17,62,0.0,1,0,1,0,0,0,0,1,1013
18.585272939292064,5570798.753443373,2,527,0,118,101,183,5570798.753443373,1,0,0,0,1,0,0,0,1050
61.215114350050094,6703152.640492369,2,139,0,102,171,239,6703152.640492369,1,0,0,1,1,1,0,1,1034
0.0,0.0,0,413,0,167,154,96,0.0,0,0,0,1,0,0,0,0,755
16.805763316582947,4710242.876104226,2,508,0,116,204,137,4710242.876104226,1,0,0,0,0,0,0,0,1089
38.483757760076514,0.0,1,540,97,34,203,64,0.0,1,0,0,0,0,1,0,1,824
29.71000545667249,0.0,2,382,90,94,100,262,0.0,1,0,0,0,0,1,0,1,946
32.75610747186549,3766732.8802890917,0,217,118,91,161,76,3766732.8802890917,0,0,0,0,1,0,1,1,1137
97.95279366073518,3289587.23537782,1,174,0,82,146,199,3289587.23537782,1,0,0,0,1,1,1,0,979
61.36500898068435,6390754.472803459,2,475,0,139,206,221,6390754.472803459,1,0,0,0,1,0,0,0,869
12.505389812319077,4469524.919059596,2,380,16,10,137,231,4469524.919059596,1,0,0,0,1,0,0,1,1126
13.169601066318284,3817443.981260589,1,208,0,173,163,145,3817443.981260589,1,0,0,0,0,0,0,1,979
20.64234830034037,3198059.96314749,1,10,0,145,193,166,3198059.96314749,1,0,0,0,0,1,0,0,937
30.396113128255784,4226916.76820448,0,572,0,49,149,376,4226916.76820448,0,0,0,0,0,0,0,0,629
58.24738132362521,2042445.7523074287,1,834,0,122,106,60,2042445.7523074287,1,0,0,1,1,1,0,1,782
0.0,5625992.609069657,1,469,0,137,108,90,5625992.609069657,1,0,0,0,1,0,1,0,1311
52.81199909521558,6595701.4027642775,1,125,0,72,149,250,6595701.4027642775,1,0,1,0,0,0,1,0,1034
79.86977034286107,1769936.2557442412,2,550,55,46,72,210,1769936.2557442412,1,0,0,1,0,1,0,1,891
100.0,0.0,0,641,0,90,27,249,0.0,0,0,1,0,0,0,0,0,311
54.09792186766257,0.0,0,505,135,66,135,211,0.0,0,0,0,0,0,1,0,1,592
8.73467331293772,6205928.206882523,1,659,148,90,161,5,6205928.206882523,1,0,0,1,0,0,0,1,1353
56.99538571384576,3003118.2942465637,0,824,0,179,143,359,3003118.2942465637,0,0,0,0,0,1,0,1,566
20.050796741268353,6037586.0349034425,2,593,0,37,80,97,6037586.0349034425,1,0,0,1,0,0,0,0,1045
44.33865200780498,5958006.286785518,3,327,96,164,21,296,5958006.286785518,1,0,1,0,0,0,0,1,1147
32.38654188139557,3552392.5112966597,2,397,0,57,129,258,3552392.5112966597,1,0,1,1,1,0,0,0,1164
88.87481215318076,6132850.055975531,1,775,151,143,78,299,6132850.055975531,1,0,0,0,1,1,1,1,1280
51.47984497384531,6444893.970441959,1,652,0,127,172,150,6444893.970441959,1,0,0,1,0,0,1,0,1042
26.875435918139317,6477646.566900731,1,756,0,159,139,322,6477646.566900731,1,0,0,0,0,0,0,1,829
57.92764290822016,4919332.179571913,1,579,0,101,110,112,4919332.179571913,1,0,1,0,1,0,0,1,775
28.45805649145207,6249164.6186344875,0,279,125,57,99,12,6249164.6186344875,0,0,0,0,1,0,0,1,904
23.81033099331942,0.0,1,330,144,84,128,123,0.0,1,0,0,1,1,1,0,1,1128
25.30111792226872,4494166.454561362,2,265,0,34,185,142,4494166.454561362,1,0,1,0,0,0,1,0,1332
70.49973534548276,7655230.903210611,0,941,0,148,171,151,7655230.903210611,0,0,0,0,0,1,0,0,572
59.482044272048924,3867970.8345264574,1,468,0,48,19,210,3867970.8345264574,1,0,1,1,1,0,0,0,748
100.0,4676090.366117345,1,587,0,29,96,423,4676090.366117345,1,0,1,0,1,0,0,0,693
89.46895586564733,4710318.2465284,2,696,0,120,0,185,4710318.2465284,1,0,0,0,0,0,0,0,615
80.67538381088049,3895477.4957747827,1,280,104,133,243,258,3895477.4957747827,1,0,0,0,0,0,0,1,948
53.77659591729974,0.0,1,178,0,48,120,80,0.0,1,0,1,0,0,1,0,0,585
40.165806203704314,3550463.083509052,1,324,114,73,108,5,3550463.083509052,1,0,1,0,1,0,0,1,1083
16.437015115584604,0.0,0,853,46,62,149,253,0.0,0,0,0,0,0,0,0,1,629
0.0,7186245.951763913,2,422,0,40,204,277,7186245.951763913,1,0,1,0,1,0,0,0,1365
79.06309687044059,4442582.151560706,0,552,61,72,263,123,4442582.151560706,0,0,0,0,0,0,1,1,882
51.70225049890458,6621155.8406600095,1,680,0,43,161,344,6621155.8406600095,1,0,1,0,1,1,0,0,850
22.125909784707254,0.0,1,273,0,133,187,5,0.0,1,0,1,0,1,0,1,0,1148
12.812359624249153,6215680.677470017,3,498,148,72,198,150,6215680.677470017,1,0,1,0,1,1,0,1,1755
11.521117042191806,0.0,1,643,0,71,175,156,0.0,1,0,0,1,0,1,0,0,957
79.20097857456844,6247791.886153154,1,1055,48,89,99,140,6247791.886153154,1,0,0,0,0,1,0,1,690
34.62233609064473,6366424.808002138,1,104,0,83,104,181,6366424.808002138,1,0,1,0,1,1,0,1,952
82.95454628155456,5058537.967809654,1,586,0,182,33,148,5058537.967809654,1,0,1,0,0,0,0,1,683
0.0,4992391.732658401,2,319,0,126,9,226,4992391.732658401,1,0,1,0,1,0,0,0,1272
28.823629578193554,4835492.600657093,1,561,0,92,151,134,4835492.600657093,1,0,1,0,0,1,0,0,975
43.007092368885516,0.0,2,609,72,112,71,350,0.0,1,0,0,1,1,0,0,1,792
39.246334794895674,5270380.681974772,1,434,96,153,177,60,5270380.681974772,1,0,0,0,1,0,0,1,983
36.161988485050784,0.0,2,445,0,133,88,75,0.0,1,0,0,0,0,0,0,0,667
45.82193879997243,2584481.214913295,0,661,0,51,91,253,2584481.214913295,0,0,0,0,0,0,0,0,411
81.1154421694715,3179026.5929369573,0,638,0,0,134,100,3179026.5929369573,0,0,0,0,0,1,0,0,541
62.938994391911486,2947838.3116087513,2,576,0,145,47,243,2947838.3116087513,1,0,1,1,1,1,0,0,1018
81.96128816778808,0.0,3,448,0,34,205,355,0.0,1,0,0,0,0,0,0,1,757
0.0,5678711.625512441,0,426,140,81,190,250,5678711.625512441,0,0,1,0,0,1,1,1,1622
96.2132371933002,0.0,2,751,73,67,65,20,0.0,1,0,0,0,0,0,0,1,584
25.463244735844835,6232844.209629468,1,585,85,26,113,311,6232844.209629468,1,0,1,0,1,0,0,1,1120
48.221959321989765,7950224.7286197115,2,461,0,186,91,215,7950224.7286197115,1,0,0,0,0,0,0,0,814
41.36281769396239,0.0,2,549,0,113,196,5,0.0,1,0,1,0,0,0,0,0,765
65.65073778742949,0.0,2,10,0,53,131,121,0.0,1,0,1,1,1,1,0,0,887
73.02438033662392,4996571.692661872,2,24,0,98,54,185,4996571.692661872,1,0,0,1,1,1,0,0,897
27.59216919883415,0.0,0,358,82,55,96,238,0.0,0,0,0,1,1,0,0,1,658
51.03145466773805,4766472.004436847,1,304,0,170,157,381,4766472.004436847,1,0,1,0,1,1,0,0,940
47.43175853215637,0.0,3,666,68,71,24,12,0.0,1,0,0,0,0,0,0,1,766
61.57249904545085,0.0,3,640,0,132,166,203,0.0,1,0,0,0,1,0,0,1,781
50.48374363701418,0.0,1,528,0,111,77,176,0.0,1,0,0,0,1,1,0,0,521
85.73272049438575,4706292.957489398,1,743,0,0,207,170,4706292.957489398,1,0,1,0,1,0,0,1,736
63.82474596211596,0.0,3,706,129,105,0,150,0.0,1,0,0,1,0,1,0,1,1066
100.0,0.0,3,323,140,104,296,97,0.0,1,0,1,1,0,0,0,1,1283
26.108765747314727,0.0,1,309,0,113,114,182,0.0,1,0,1,1,0,0,0,1,801
98.01485197433173,6639479.43451619,2,460,0,186,136,365,6639479.43451619,1,0,1,0,0,0,0,0,902
76.16459317052166,5648072.8854130665,2,740,0,90,28,271,5648072.8854130665,1,0,1,0,1,1,0,0,878
29.06512135238306,4599597.49139926,3,779,0,101,17,5,4599597.49139926,1,0,0,1,0,0,0,0,1018
0.0,7375282.278717813,1,107,0,23,298,188,7375282.278717813,1,0,0,1,0,0,1,1,1439
16.20580625760327,0.0,0,327,78,38,126,238,0.0,0,0,0,0,0,0,0,1,610
40.992058462435075,2397494.7512158044,1,988,121,54,267,274,2397494.7512158044,1,0,1,0,0,0,0,1,1128
50.67017717955824,0.0,2,838,147,81,125,320,0.0,1,0,1,1,0,0,0,1,1028
10.329576959501134,3665917.0484226258,0,811,0,52,86,113,3665917.0484226258,0,0,0,0,1,0,0,0,797
100.0,8090475.425527372,1,702,0,248,133,116,8090475.425527372,1,0,0,0,0,1,1,0,978
30.77945019507197,6893615.133023741,0,511,81,102,50,164,6893615.133023741,0,0,0,0,1,0,1,1,1038
28.282754325371798,7137584.642788584,2,242,112,61,145,128,7137584.642788584,1,0,0,0,0,0,0,1,1191
45.77222228303562,0.0,4,449,0,75,94,296,0.0,1,0,1,1,1,0,0,0,1105
71.07599941801567,2962126.6592147043,1,178,0,94,228,466,2962126.6592147043,1,0,1,0,1,1,0,1,942
55.852307762678066,6074957.4092128575,0,488,0,127,108,395,6074957.4092128575,0,0,0,0,0,0,0,0,458
57.89737765179744,8120511.059061862,2,109,0,77,79,74,8120511.059061862,1,0,0,0,0,0,1,0,935
78.37664469663918,7147243.887815143,0,653,73,77,119,158,7147243.887815143,0,0,0,0,1,0,1,1,864
71.22373132593142,6553863.384709657,3,587,0,104,117,114,6553863.384709657,1,0,0,1,0,0,0,0,1019
61.98408117806555,0.0,2,227,0,66,182,360,0.0,1,0,1,0,1,0,0,0,788
40.89549110429782,6532776.953144799,2,417,139,65,120,190,6532776.953144799,1,0,0,0,1,1,0,1,1205
70.20909097125869,4459266.60647766,2,494,64,95,134,106,4459266.60647766,1,0,0,0,0,0,0,1,908
90.26068252979742,6463796.138468762,2,750,127,82,140,324,6463796.138468762,1,0,0,0,0,0,0,1,969
51.69258359821412,5106118.625865238,2,673,0,120,17,471,5106118.625865238,1,0,0,0,0,0,0,0,671
53.07936585618993,0.0,2,440,154,0,7,108,0.0,1,0,1,0,1,0,0,1,868
70.61715351185865,0.0,2,404,0,87,154,209,0.0,1,0,0,1,1,0,0,0,695
29.174697923439442,0.0,4,169,88,103,148,258,0.0,1,0,0,1,1,1,0,1,1362
31.880603401783283,2797032.4860460856,2,442,48,114,39,125,2797032.4860460856,1,0,0,1,1,1,0,1,1155
85.59383111990974,1217152.2163001867,2,348,77,122,64,204,1217152.2163001867,1,0,0,0,0,0,0,1,886
100.0,4147346.370263479,2,814,137,126,69,25,4147346.370263479,1,0,1,0,1,0,0,1,1176
8.672708598059998,0.0,3,840,0,16,20,402,0.0,1,0,0,0,0,0,0,1,966
99.17911650107288,7157438.10160603,3,448,0,102,60,106,7157438.10160603,1,0,1,0,0,0,0,0,977
91.32822341522916,0.0,1,567,63,133,176,243,0.0,1,0,0,1,1,1,0,1,825
47.507320167704506,6297763.851807678,2,896,100,127,130,167,6297763.851807678,1,0,0,0,1,1,0,1,1125
55.489833489357814,3331457.313864069,2,680,0,79,109,371,3331457.313864069,1,0,0,1,0,1,0,0,896
21.577128648179713,7499420.840368637,3,288,0,27,106,184,7499420.840368637,1,0,1,0,0,1,0,0,1273
64.86496007420543,0.0,2,380,47,46,92,124,0.0,1,0,0,0,1,0,0,1,613
20.666653671234467,6270658.390432413,1,476,135,156,98,321,6270658.390432413,1,0,0,0,1,0,0,1,1178
59.04221209343352,4457189.879671006,2,407,79,62,75,251,4457189.879671006,1,0,0,0,0,1,0,1,901
53.7937765718207,7900174.084351504,1,245,40,177,74,266,7900174.084351504,1,0,0,1,1,1,0,1,884
94.95401972411123,0.0,2,896,77,110,156,257,0.0,1,0,1,1,0,0,1,1,1205
65.94996787815785,0.0,4,591,0,91,9,338,0.0,1,0,1,0,1,0,0,1,936
46.70407630694193,4631826.265968162,2,124,158,77,17,263,4631826.265968162,1,0,1,0,1,0,0,1,1176
49.40244811100806,4504239.761842674,0,273,151,51,88,57,4504239.761842674,0,0,0,0,1,0,0,1,747
36.470179489120724,5587898.775886324,0,197,131,126,121,420,5587898.775886324,0,0,0,1,1,0,1,1,1269
87.11542400867027,4491047.846709317,0,287,0,135,182,105,4491047.846709317,0,0,0,0,1,0,0,0,559
0.0,0.0,3,922,0,51,140,170,0.0,1,0,0,0,1,1,0,0,1268
48.301637382066296,508828.2048696744,3,539,81,118,169,48,508828.2048696744,1,0,1,1,1,0,0,1,1181
26.773885449412983,4752613.620976434,0,425,78,0,153,191,4752613.620976434,0,0,0,0,1,0,1,1,1054
0.0,0.0,1,531,39,99,92,82,0.0,1,0,0,1,1,0,0,1,1015
68.32893032739929,5307198.270508333,0,695,0,85,180,159,5307198.270508333,0,0,0,0,1,1,0,0,610
17.72790054675166,901588.4593523165,0,423,0,88,88,339,901588.4593523165,0,0,1,0,1,1,0,1,772
56.251469375588634,4065227.849409077,1,671,0,101,98,319,4065227.849409077,1,0,0,0,0,0,0,1,557
23.133623458480812,4283192.848974223,2,255,0,61,209,126,4283192.848974223,1,0,0,0,0,0,0,1,970
85.67679383767356,6334490.294858484,1,678,0,137,143,216,6334490.294858484,1,0,1,0,0,0,0,1,705
18.423584243896688,2830242.4474473204,1,427,55,61,97,195,2830242.4474473204,1,0,0,0,0,0,0,1,953
70.08314040179681,2374062.940105454,1,578,0,94,27,264,2374062.940105454,1,0,0,0,1,0,0,0,581
71.35872400151796,3061897.8969248338,2,432,43,0,125,155,3061897.8969248338,1,0,0,1,1,0,0,1,936
23.760805575558376,1977891.9321742689,2,451,157,124,69,337,1977891.9321742689,1,0,1,0,1,1,0,1,1505
0.0,3635377.855585739,0,415,0,118,107,5,3635377.855585739,0,0,0,0,0,1,0,0,954
77.06814199830357,0.0,2,453,0,81,107,365,0.0,1,0,1,1,1,1,0,0,842
76.62147092423402,3685929.525965352,0,698,61,76,214,195,3685929.525965352,0,0,0,0,0,1,0,1,733
54.013671885953165,0.0,3,759,133,114,80,98,0.0,1,0,0,1,0,0,1,1,1261
99.11634934108561,2137290.3058911455,3,454,0,96,95,200,2137290.3058911455,1,0,0,0,0,0,0,0,880
68.45491952835741,4306830.836762361,3,443,101,104,168,127,4306830.836762361,1,0,1,0,1,0,0,1,1357
7.954104592024443,2948070.3650384443,2,621,134,142,173,179,2948070.3650384443,1,0,0,1,0,0,1,1,1778
22.654700939693846,7080115.781586778,0,296,0,72,180,210,7080115.781586778,0,0,1,1,0,0,1,0,1236
53.41912004383317,3413080.5402330575,0,514,159,117,177,145,3413080.5402330575,0,0,0,0,0,0,0,1,793
45.183211714946076,3889427.7947979276,2,615,0,81,163,231,3889427.7947979276,1,0,1,0,0,1,0,1,1038
77.92623535811731,0.0,3,488,0,80,169,211,0.0,1,0,0,1,0,0,0,0,785
100.0,4448097.096607724,0,427,0,119,96,359,4448097.096607724,0,0,0,0,0,1,1,1,810
30.480301359914158,4346704.873622777,4,299,0,51,125,24,4346704.873622777,1,0,0,0,1,0,0,0,1279
26.214091847830446,2689096.4123646803,2,645,241,74,84,232,2689096.4123646803,1,0,1,0,0,1,1,1,1823
29.3382753042718,0.0,4,177,144,97,183,80,0.0,1,0,0,1,0,0,0,1,1407
44.35891142339995,5319321.13109585,3,202,0,39,88,440,5319321.13109585,1,0,1,0,1,1,0,1,1154
54.89858159240398,4324244.449052387,0,500,0,77,92,131,4324244.449052387,0,0,1,1,1,1,0,1,776
12.303039921636937,7578406.102813747,1,423,74,117,200,182,7578406.102813747,1,0,1,0,1,0,0,1,1338
54.47119101874993,8064327.539217094,1,211,0,110,198,311,8064327.539217094,1,0,1,0,1,1,1,0,1147
30.389688387558262,7704078.731948652,2,919,68,163,73,273,7704078.731948652,1,0,0,0,0,1,1,1,1402
0.0,3690460.4487521015,3,397,63,51,0,213,3690460.4487521015,1,0,0,0,1,0,0,1,1337
56.64702582824717,5649516.479067083,0,616,160,88,218,290,5649516.479067083,0,0,1,0,1,0,0,1,1044
100.0,4933949.472560879,3,399,157,92,173,175,4933949.472560879,1,0,0,0,0,1,0,1,1306
27.793032423538747,5395932.199947109,2,746,89,44,118,5,5395932.199947109,1,0,0,0,0,0,0,1,1059
95.05858895565788,6828519.089588245,1,732,0,86,255,179,6828519.089588245,1,0,1,0,0,1,0,1,891
78.59528762988062,0.0,1,657,0,41,49,157,0.0,1,0,1,0,0,1,1,0,745
55.490387849344465,3016945.9177907356,2,323,104,171,143,140,3016945.9177907356,1,0,0,0,0,1,0,1,1104
60.771652804411,7668458.38834538,2,208,0,100,51,110,7668458.38834538,1,0,1,0,1,1,0,0,970
45.579195957311356,0.0,3,730,158,88,84,38,0.0,1,0,0,0,0,1,0,1,1066
48.850284929078825,6637531.941697632,2,148,36,82,63,223,6637531.941697632,1,0,0,0,0,0,0,1,748
62.56113734877105,4972053.543047854,1,459,108,129,63,181,4972053.543047854,1,0,1,0,1,0,1,1,1219
53.00869167521116,4572089.1416249005,1,318,130,67,31,194,4572089.1416249005,1,0,1,1,1,0,0,1,990
64.01756645548369,0.0,1,391,109,43,146,123,0.0,1,0,1,0,0,1,0,1,886
37.268143378680165,3493592.4368180586,2,477,76,140,216,352,3493592.4368180586,1,0,0,1,1,0,1,1,1456
49.19481295048544,6114817.113702371,2,626,96,94,126,299,6114817.113702371,1,0,1,0,0,1,0,1,1147
100.0,3919247.3220258914,0,339,0,117,26,92,3919247.3220258914,0,0,1,1,0,0,1,1,849
34.80095498636242,5479745.50456945,1,933,0,40,152,244,5479745.50456945,1,0,0,1,0,1,0,0,870
100.0,2222979.502165517,2,321,129,109,74,353,2222979.502165517,1,0,1,0,1,1,1,1,1476
90.1577641488682,0.0,1,643,269,71,56,11,0.0,1,0,1,0,1,1,1,1,1347
62.11930295166396,3610866.10927246,1,56,0,81,182,274,3610866.10927246,1,0,0,0,1,0,1,0,912
26.137256247355815,0.0,1,275,118,15,164,302,0.0,1,0,0,0,1,1,0,1,936
54.54971816435053,2952488.1045842986,2,660,209,103,230,278,2952488.1045842986,1,0,0,0,1,0,0,1,1324
74.94496600794986,6596182.097323123,0,215,0,176,127,114,6596182.097323123,0,0,0,0,1,1,0,1,646
46.6960527265193,3349416.078338271,1,401,175,112,61,202,3349416.078338271,1,0,1,0,1,0,1,1,1356
42.69769092296275,0.0,4,706,0,107,163,174,0.0,1,0,1,1,1,0,1,0,1461
57.80515671009362,1020107.4603577504,0,566,81,104,155,328,1020107.4603577504,0,0,0,0,1,1,0,1,754
56.33420639230879,3871420.294561962,3,381,118,115,126,308,3871420.294561962,1,0,1,0,0,0,0,1,1258
43.82480420235968,6654204.763526681,5,198,181,106,84,74,6654204.763526681,1,0,0,1,0,1,0,1,1766
1.5802661871169987,6352714.095349817,0,492,0,100,189,262,6352714.095349817,0,0,0,0,0,0,0,0,883
45.60557987815516,7012822.08005311,0,384,114,61,82,244,7012822.08005311,0,0,1,0,0,0,1,1,1038
74.91494401957856,3188405.5732577047,1,662,0,48,129,219,3188405.5732577047,1,0,1,0,1,0,0,0,762
24.46458552657545,9082381.006388173,0,595,113,84,166,87,9082381.006388173,0,0,0,0,1,1,0,1,1022
0.0,0.0,2,620,0,153,158,131,0.0,1,0,0,0,0,0,0,0,924
92.89783370996267,4356494.592019583,2,493,120,45,154,127,4356494.592019583,1,0,0,1,0,0,0,1,1096
30.99639674348902,1440249.7835836653,2,712,31,76,182,116,1440249.7835836653,1,0,1,0,1,0,1,1,1458
78.84500282911905,0.0,0,729,0,61,105,220,0.0,0,0,0,0,0,0,0,0,244
36.627276206094535,0.0,2,323,27,167,188,152,0.0,1,0,1,1,1,1,0,1,1154
40.37648414444003,2275913.258290485,0,512,0,176,26,213,2275913.258290485,0,0,0,0,0,0,1,0,744
73.66652622645927,4812192.862573906,2,732,146,99,0,201,4812192.862573906,1,0,1,0,1,1,0,1,1213
86.44000340398708,3490937.2919709147,1,438,0,109,130,138,3490937.2919709147,1,0,0,0,1,0,0,0,647
43.7187316006426,5682688.518690648,1,1001,0,70,182,93,5682688.518690648,1,0,0,0,0,0,0,0,691
68.39796633983431,7275553.561337325,1,729,0,77,133,183,7275553.561337325,1,0,1,0,0,0,0,0,735
97.53483125471176,6092146.343616535,2,406,38,65,98,346,6092146.343616535,1,0,0,1,0,0,0,1,922
84.39461476199115,2726718.2330655237,1,245,125,62,217,122,2726718.2330655237,1,0,0,1,0,0,0,1,1018
41.110783333318395,0.0,0,868,0,130,153,186,0.0,0,0,0,0,1,0,1,1,737
8.019735024536876,6939681.729679817,1,547,0,107,167,312,6939681.729679817,1,0,1,0,1,0,1,0,1450
62.70523622066112,1790589.9804043756,0,162,0,127,128,247,1790589.9804043756,0,0,1,0,0,0,0,1,602
39.15553383267431,6021070.756902473,3,540,0,38,51,221,6021070.756902473,1,0,0,1,0,0,0,0,1012
69.44757968977608,2113598.412428412,5,627,0,26,17,237,2113598.412428412,1,0,1,1,0,0,1,0,1510
78.8541941753186,0.0,2,664,0,83,97,515,0.0,1,0,0,1,0,0,0,0,636
2.918312138759489,0.0,3,372,62,158,127,288,0.0,1,0,0,0,1,1,0,1,1360
0.0,6762124.374761331,2,608,67,147,90,229,6762124.374761331,1,0,1,0,0,1,0,1,1535
0.0,5104914.773778887,3,655,0,124,150,88,5104914.773778887,1,0,1,1,0,0,0,0,1477
35.15029403275803,3240722.134554128,4,427,0,181,123,172,3240722.134554128,1,0,0,0,1,0,1,0,1555
85.63140152415365,0.0,2,580,0,0,115,53,0.0,1,0,0,1,1,1,0,1,786
84.8503469396969,4463262.401725238,4,516,113,60,173,63,4463262.401725238,1,0,1,0,0,1,0,1,1516
34.60012439967487,6413010.927094505,1,496,118,100,122,206,6413010.927094505,1,0,0,0,0,0,0,1,946
53.643831925986376,4158198.1228501196,2,187,0,153,88,183,4158198.1228501196,1,0,0,1,1,0,0,1,920
23.422138836051854,5499112.860615114,0,1129,155,10,101,246,5499112.860615114,0,0,0,0,0,1,0,1,978
11.19963450995508,2227902.918828855,4,665,0,78,63,92,2227902.918828855,1,0,1,0,1,1,0,0,1556
56.42506823395251,0.0,0,304,0,97,55,102,0.0,0,0,1,1,1,0,0,1,440
0.0,1569640.0585931588,2,665,0,41,112,88,1569640.0585931588,1,0,0,0,1,0,0,0,1189
39.00974968586727,0.0,3,535,50,190,148,184,0.0,1,0,1,0,0,0,1,1,1304
0.0,0.0,1,460,109,56,150,18,0.0,1,0,0,1,0,0,0,1,1125
78.59028494642149,4400245.051006775,2,551,0,79,197,242,4400245.051006775,1,0,0,0,1,1,0,1,982
37.42745444038772,6634934.253396745,2,317,84,151,114,282,6634934.253396745,1,0,1,0,0,0,0,1,1172
92.74156490951142,4690700.586878333,0,137,99,94,190,358,4690700.586878333,0,0,1,0,1,1,0,1,922
54.47915723676324,4594788.454163852,2,696,0,96,107,102,4594788.454163852,1,0,0,0,0,0,1,0,989
98.24201741518188,7542666.879170198,1,523,99,79,149,82,7542666.879170198,1,0,1,0,1,0,0,1,965
79.06235326373736,4396947.408461306,3,203,0,80,134,173,4396947.408461306,1,0,0,1,0,0,0,1,989
39.08522823356302,0.0,1,602,48,120,225,142,0.0,1,0,0,0,1,0,1,1,935
94.70412566299524,2608091.3198888237,1,554,0,85,216,185,2608091.3198888237,1,0,0,1,1,0,0,0,824
70.9171413917094,4304950.1149622835,1,408,0,46,126,150,4304950.1149622835,1,0,1,0,1,1,0,0,856
63.44235023038675,5238381.6260151835,1,354,192,114,183,167,5238381.6260151835,1,0,1,0,1,1,1,1,1552
43.167688077704966,616042.6874402364,4,215,128,134,193,401,616042.6874402364,1,0,1,1,0,1,0,1,1539
38.5677063665982,3777997.7518207417,0,659,0,101,96,157,3777997.7518207417,0,0,0,0,1,0,0,1,527
79.86245571348424,0.0,2,615,53,169,101,399,0.0,1,0,1,0,0,1,0,1,838
51.33708832667815,0.0,2,751,0,65,168,177,0.0,1,0,0,0,1,0,0,0,631
16.546327024738897,0.0,0,72,0,81,157,234,0.0,0,0,0,0,1,1,0,0,723
35.718123266663994,0.0,0,275,0,13,90,311,0.0,0,0,0,0,0,1,0,1,395
36.99307901709352,7426358.37678318,2,606,54,71,137,181,7426358.37678318,1,0,0,0,0,1,0,1,1020
36.00354661385027,0.0,1,489,0,119,66,319,0.0,1,0,1,0,1,1,1,0,971
0.0,4972993.5108140465,0,278,0,107,60,332,4972993.5108140465,0,0,1,0,1,0,0,0,931
56.57214687613006,0.0,1,404,238,78,4,349,0.0,1,0,0,1,0,0,0,1,838
20.07698783744757,8574479.929209337,3,413,0,8,85,208,8574479.929209337,1,0,1,1,0,0,0,1,1241
100.0,0.0,1,518,0,29,164,171,0.0,1,0,0,1,0,0,0,1,473
14.5995535971714,7060769.387777986,5,884,52,84,39,166,7060769.387777986,1,0,0,0,0,0,0,1,1523
36.53274838060981,0.0,2,418,125,79,72,392,0.0,1,0,1,1,0,0,1,1,1356
43.63267070480208,5131006.536238687,0,665,90,96,175,222,5131006.536238687,0,0,1,1,0,1,1,1,1277
40.044054145340624,5761511.691495866,0,809,158,64,137,218,5761511.691495866,0,0,0,1,1,1,0,1,1109
92.41308944873776,1695711.7362223659,4,299,98,142,86,151,1695711.7362223659,1,0,0,1,0,0,0,1,1263
86.65414054930105,765656.6240097673,1,497,63,106,72,374,765656.6240097673,1,0,1,1,1,0,0,1,717
63.43678575673771,6273816.1580059705,1,404,0,88,95,277,6273816.1580059705,1,0,0,0,0,0,0,1,537
24.658370876962774,4651240.585192199,0,428,74,34,66,373,4651240.585192199,0,0,1,0,0,1,1,1,1182
63.72544705535108,6775821.772503503,4,543,0,28,171,116,6775821.772503503,1,0,0,0,0,1,0,1,1155
46.87972316825915,3614370.7838998167,0,412,87,50,24,263,3614370.7838998167,0,0,0,1,1,0,0,1,681
72.20376992315732,7212343.5035846615,0,237,0,97,212,187,7212343.5035846615,0,0,1,0,1,1,0,1,800
37.84096817589971,5973921.278859356,0,428,0,106,206,14,5973921.278859356,0,0,1,1,0,0,0,0,769
34.76917614830868,7394189.052517912,3,349,29,102,30,329,7394189.052517912,1,0,1,0,1,0,0,1,1169
27.111779500036548,7485653.786653656,3,645,0,116,125,236,7485653.786653656,1,0,1,1,0,0,1,1,1592
37.85974645417434,1045773.6410910891,0,478,125,99,39,384,1045773.6410910891,0,0,0,0,0,0,0,1,763
100.0,7358061.505183894,1,262,0,109,142,257,7358061.505183894,1,0,1,0,0,1,0,0,831
68.18971766024862,0.0,1,565,0,64,116,119,0.0,1,0,1,1,1,0,0,0,639
60.110294026969726,4139144.6023985683,1,901,0,144,77,114,4139144.6023985683,1,0,1,0,1,1,0,0,850
44.01185982908961,0.0,0,512,0,67,0,240,0.0,0,0,0,0,0,0,0,0,156
73.63236623934294,0.0,1,927,116,161,38,60,0.0,1,0,1,0,1,1,0,1,855
36.45663829025199,4379515.883628147,2,389,0,134,183,221,4379515.883628147,1,0,0,0,0,1,0,0,1074
90.9609693392348,0.0,1,455,0,72,138,17,0.0,1,0,0,0,1,1,1,0,816
36.495352404718155,0.0,0,390,0,80,115,59,0.0,0,0,1,0,0,0,0,0,467
51.91107079297313,0.0,0,600,98,76,162,183,0.0,0,0,1,0,1,1,0,1,716
62.60805587169684,7609925.377580837,4,431,111,71,113,328,7609925.377580837,1,0,0,1,0,1,0,1,1370
19.182443374846134,1797637.602376854,2,556,0,89,19,134,1797637.602376854,1,0,1,1,0,0,0,0,1121
49.09876529755514,5969469.295937847,2,439,0,95,156,320,5969469.295937847,1,0,1,0,1,1,0,1,994
96.73716296955071,6985256.205958859,1,421,0,27,147,193,6985256.205958859,1,0,0,0,0,1,0,0,664
50.71940057046779,4757051.96289991,0,570,0,155,120,242,4757051.96289991,0,0,0,0,1,0,1,0,755
66.71293875712986,2816941.781927681,1,207,109,66,144,352,2816941.781927681,1,0,0,0,0,1,0,1,890
36.26946314962766,0.0,1,709,0,26,68,219,0.0,1,0,0,1,1,1,0,0,667
0.0,5567576.05567616,0,439,179,128,52,217,5567576.05567616,0,0,1,1,0,1,0,1,1467
3.572906175910666,5407887.71503199,1,446,117,98,62,140,5407887.71503199,1,0,1,0,0,0,0,1,1311
45.31959021730234,7514169.784210691,1,531,0,133,118,261,7514169.784210691,1,0,0,0,0,1,0,1,714
40.53937465907974,0.0,3,559,0,107,85,291,0.0,1,0,0,0,0,0,0,0,725
79.49150446036855,0.0,0,531,44,136,190,100,0.0,0,0,1,0,0,0,0,1,491
37.9962624584377,0.0,1,600,0,116,154,138,0.0,1,0,0,0,1,1,0,1,634
61.90904873975128,0.0,0,588,105,88,139,211,0.0,0,0,0,1,0,1,0,1,678
52.441280960545996,5637616.679256512,2,495,44,167,122,175,5637616.679256512,1,0,0,0,1,0,0,1,915
54.6879872485849,5511954.2928375425,2,276,0,83,73,155,5511954.2928375425,1,0,1,0,1,1,0,0,951
79.1146537884014,2483470.741265423,3,780,0,109,159,228,2483470.741265423,1,0,0,1,1,0,0,0,1030
81.40863603284627,0.0,1,532,113,58,69,265,0.0,1,0,1,1,1,1,0,1,888
27.245070392805587,0.0,2,473,90,9,0,138,0.0,1,1,0,0,1,1,1,1,1129
21.176613252653294,3703079.978115164,0,546,0,151,165,136,3703079.978115164,0,0,0,0,1,0,0,0,768
100.0,0.0,3,561,0,140,165,82,0.0,1,0,0,0,1,0,0,0,802
0.0,0.0,1,422,66,127,218,300,0.0,1,0,1,0,0,1,0,1,1199
40.83501610839041,0.0,0,380,0,94,70,301,0.0,0,0,1,1,0,1,0,0,569
5.8858791888709145,2852614.3076050715,2,591,168,92,165,347,2852614.3076050715,1,0,0,1,1,0,0,1,1642
25.415397840479926,6008730.131436819,1,391,0,111,60,96,6008730.131436819,1,0,0,0,1,1,0,0,894
58.26989592902775,6132276.61742474,3,365,45,65,76,43,6132276.61742474,1,0,0,1,1,1,0,1,1157
9.05971022298375,4895052.287873901,1,358,0,114,179,245,4895052.287873901,1,0,0,1,0,0,0,0,1123
10.770722567196787,9302205.440579658,2,654,41,108,84,5,9302205.440579658,1,0,0,0,1,1,0,1,1277
59.15256214120259,0.0,1,493,0,105,68,145,0.0,1,0,1,1,0,1,1,0,876
100.0,5296725.717363971,0,433,73,119,107,5,5296725.717363971,0,0,0,0,1,0,0,1,665
0.0,0.0,1,629,0,97,68,172,0.0,1,0,0,0,0,0,0,0,747
72.58673244481355,0.0,2,266,0,83,130,191,0.0,1,0,1,0,1,0,0,1,663
60.25764831767911,0.0,3,556,94,113,0,133,0.0,1,0,0,0,1,1,0,1,969
100.0,2891239.6095091677,1,647,130,44,118,175,2891239.6095091677,1,0,0,1,1,1,0,1,1037
24.914154478874874,4468343.268706015,2,433,0,115,207,388,4468343.268706015,1,0,1,1,1,0,1,1,1470
49.884131636244156,5020042.303481138,1,362,0,85,160,115,5020042.303481138,1,0,0,0,1,0,1,0,871
87.39083647631668,2450958.252229739,1,393,0,53,70,289,2450958.252229739,1,0,0,0,0,1,0,0,622
81.51374840920876,0.0,4,415,25,30,157,279,0.0,1,0,1,0,1,1,0,1,1150
25.708600782448215,6166744.46254283,0,454,130,70,118,204,6166744.46254283,0,0,0,0,0,1,0,1,990
39.847783338295535,0.0,1,686,113,32,200,276,0.0,1,0,0,1,1,1,0,1,973
48.13733905357138,6080768.09554733,0,887,0,65,88,114,6080768.09554733,0,0,0,0,0,0,0,0,385
100.0,3295263.7519159983,3,877,0,46,140,204,3295263.7519159983,1,0,0,1,0,1,0,0,1007
68.381441935897,0.0,2,321,69,145,19,313,0.0,1,0,1,0,0,1,0,1,887
68.82057165633098,5123191.710745354,4,487,35,99,115,117,5123191.710745354,1,0,0,0,0,0,1,1,1410
45.341920876887215,4187532.483267048,0,308,68,129,203,278,4187532.483267048,0,0,1,0,0,0,0,1,813
100.0,1920681.1620942235,1,427,0,95,63,212,1920681.1620942235,1,0,0,0,1,1,0,0,700
14.535522535946075,3451460.1551918904,0,455,107,115,177,279,3451460.1551918904,0,0,0,0,0,0,0,1,1000
16.04340864402205,3156352.687359573,1,519,0,101,40,231,3156352.687359573,1,0,0,0,1,0,0,1,921
0.0,3651308.346807401,0,503,31,71,182,212,3651308.346807401,0,0,0,1,1,0,0,1,1070
100.0,5957693.735665152,4,585,0,128,117,149,5957693.735665152,1,0,0,0,1,0,0,1,1125
55.38242513146524,4042203.3363803676,1,211,0,86,85,248,4042203.3363803676,1,0,0,0,1,1,0,0,706
63.669407302657845,3413557.6055859313,2,393,231,2,77,104,3413557.6055859313,1,0,0,0,0,0,0,1,1104
25.419752217962795,7316943.9929466555,3,464,0,98,141,82,7316943.9929466555,1,0,1,0,1,1,0,1,1328
68.36514855855752,1789090.6019218443,1,352,0,41,78,129,1789090.6019218443,1,0,0,0,1,1,0,0,665
73.33205141743564,5149371.685273771,1,231,91,46,120,190,5149371.685273771,1,0,1,0,1,0,0,1,888
100.0,0.0,1,368,0,94,1,175,0.0,1,0,1,1,0,0,0,1,539
47.507646771083486,4604810.862555282,2,438,32,77,146,235,4604810.862555282,1,0,0,1,0,1,1,1,1286
18.81885182207061,3263438.536400079,1,701,0,21,141,239,3263438.536400079,1,0,0,1,0,0,0,0,939
54.56959379613673,7578263.67087489,0,631,0,68,217,15,7578263.67087489,0,0,1,0,1,0,0,0,671
61.65941738099932,0.0,0,446,69,88,47,342,0.0,0,0,0,0,0,1,1,1,661
38.89932602488267,0.0,0,483,0,127,153,153,0.0,0,0,1,1,1,0,0,0,623
40.51779923474791,5365829.127240512,2,129,89,140,202,131,5365829.127240512,1,0,1,1,0,1,0,1,1411
58.34906154689532,0.0,3,739,0,77,90,89,0.0,1,0,1,0,1,0,1,0,1055
44.082480789431,3413730.6727721263,1,261,0,59,227,241,3413730.6727721263,1,0,0,0,0,1,1,0,1061
17.10042663196952,6526124.031477109,1,422,16,119,108,175,6526124.031477109,1,0,1,0,1,0,0,1,1048
92.12948845984857,5490471.695788473,3,177,221,50,64,52,5490471.695788473,1,0,0,1,1,1,1,1,1732
61.53103149550418,0.0,2,149,0,16,104,321,0.0,1,0,1,0,0,1,0,1,676
70.54144562149676,2846090.918244107,2,604,0,118,84,75,2846090.918244107,1,0,1,0,1,0,0,0,894
0.0,7491827.697236915,1,509,137,58,183,250,7491827.697236915,1,0,1,0,0,0,0,1,1418
36.94842199292421,2043995.4893916314,2,185,0,105,112,58,2043995.4893916314,1,0,0,0,0,0,0,0,892
0.0,3347269.4294682634,2,421,0,4,110,232,3347269.4294682634,1,0,0,0,0,0,1,1,1372
45.64898925414731,0.0,4,475,106,178,250,163,0.0,1,0,0,0,1,1,0,1,1435
56.49664215134617,9121377.867455836,2,772,0,117,34,170,9121377.867455836,1,0,1,0,0,1,1,0,1194
0.0,6893949.601751012,1,508,161,102,44,195,6893949.601751012,1,0,0,1,0,1,0,1,1471
46.9948169363973,0.0,0,542,149,129,0,191,0.0,0,0,0,0,1,1,0,1,638
35.012520790644835,0.0,0,556,28,64,104,364,0.0,0,0,0,0,1,1,1,1,774
34.46584204009652,0.0,1,602,134,129,98,234,0.0,1,0,1,0,0,1,0,1,976
31.07409467949773,7324382.105305165,0,680,0,47,69,130,7324382.105305165,0,0,0,0,1,0,0,0,572
29.444423647684776,4943484.493403521,2,791,0,113,197,228,4943484.493403521,1,0,1,1,1,1,0,0,1348
79.51208131710692,3056565.641446146,0,320,110,74,55,283,3056565.641446146,0,0,0,0,1,1,1,1,993
64.200100266649,7853672.283511302,0,474,0,47,58,221,7853672.283511302,0,0,0,0,0,0,0,0,361
100.0,0.0,0,466,0,86,140,56,0.0,0,0,0,0,0,0,0,0,271
98.75990927225585,2276649.939072738,3,139,0,94,57,179,2276649.939072738,1,0,1,0,1,0,0,0,1043
38.050189613551154,0.0,2,276,0,42,140,258,0.0,1,0,1,1,0,1,0,1,949
8.714989507461972,3658913.677166634,1,469,98,118,245,154,3658913.677166634,1,0,0,0,1,1,0,1,1390
19.212728740913008,4005251.7006994234,3,662,0,123,84,308,4005251.7006994234,1,0,0,0,1,0,1,0,1446
78.32644520755443,5390324.094283636,4,381,78,11,187,205,5390324.094283636,1,0,0,0,1,0,1,1,1527
36.00143095473064,0.0,0,352,0,139,0,154,0.0,0,0,1,0,0,0,1,0,658
72.8942690212897,6844962.340466218,3,810,113,62,154,33,6844962.340466218,1,0,0,0,0,1,0,1,1239
30.98019610230457,0.0,0,428,74,39,106,307,0.0,0,0,1,0,0,1,0,1,712
29.48235423951575,7888686.823959891,4,165,58,59,85,281,7888686.823959891,1,0,0,0,1,0,0,1,1332
23.553761837785014,4404101.270373554,2,590,0,39,124,134,4404101.270373554,1,0,0,0,0,0,1,0,1186
14.689051056407866,8124709.018746459,1,494,160,99,117,5,8124709.018746459,1,0,1,1,1,0,0,1,1513
56.82616861688724,0.0,2,211,51,100,160,12,0.0,1,0,0,1,1,0,0,1,878
41.108040453614535,0.0,0,617,0,92,146,192,0.0,0,0,1,1,1,1,0,1,715
76.98684130214923,0.0,2,184,119,34,144,22,0.0,1,0,0,0,0,1,0,1,860
15.036754213368294,7941323.9813045785,2,361,117,21,2,385,7941323.9813045785,1,0,0,0,0,1,0,1,1196
89.75013964836916,3055329.9923676243,2,245,0,133,144,98,3055329.9923676243,1,0,1,0,0,1,1,1,1262
59.08685787628793,0.0,0,553,0,66,0,155,0.0,0,0,1,0,0,1,0,0,321
72.98532792863655,4679099.9134687325,0,443,0,74,170,8,4679099.9134687325,0,0,0,1,0,1,0,0,696
90.96681111296533,0.0,0,490,0,125,175,77,0.0,0,0,1,1,1,1,0,0,727
41.44434659769022,0.0,0,691,0,86,20,286,0.0,0,0,0,0,1,0,0,0,204
59.089156207618494,0.0,4,382,123,67,212,160,0.0,1,0,0,0,1,0,1,1,1498
47.61871579939063,4511905.254239187,1,600,0,145,104,328,4511905.254239187,1,0,1,0,1,0,1,0,1051
0.0,0.0,1,501,0,87,37,231,0.0,1,0,1,0,1,1,0,0,1024
28.445480445166506,6566931.296649469,0,641,138,90,108,119,6566931.296649469,0,0,1,0,0,0,0,1,1014
40.753522155175105,0.0,1,430,0,54,236,273,0.0,1,0,0,0,1,0,0,0,627
85.31626362250745,8668269.128724782,2,339,0,68,72,94,8668269.128724782,1,0,1,0,1,0,0,0,861
41.42432131527708,4505841.126384561,0,274,0,84,55,115,4505841.126384561,0,0,0,0,1,0,1,1,725
77.20352800026288,0.0,6,581,140,91,140,232,0.0,1,0,1,0,0,1,0,1,1613
36.24804910361619,5782380.317652502,2,583,0,93,258,278,5782380.317652502,1,0,0,1,0,0,0,0,1054
54.49492185747995,0.0,0,793,86,150,203,225,0.0,0,0,1,0,1,1,0,1,779
52.65073973468217,0.0,3,765,70,92,86,333,0.0,1,0,0,0,0,0,0,1,778
57.136254690466025,4490784.027972233,2,616,102,85,43,191,4490784.027972233,1,0,0,0,0,1,0,1,969
68.15399047276848,4439434.573845639,0,605,0,77,122,127,4439434.573845639,0,0,0,0,1,0,0,1,491
25.643609933998064,0.0,2,642,0,61,0,240,0.0,1,0,0,0,0,1,0,1,712
67.97633513439098,5360525.587803023,0,391,0,27,0,140,5360525.587803023,0,1,0,1,1,1,0,0,510
0.0,4625668.904272278,2,755,0,65,145,61,4625668.904272278,1,0,1,0,0,0,0,0,1286
0.0,2934933.447581179,2,351,80,69,159,196,2934933.447581179,1,0,0,0,0,1,0,1,1323
88.60841858349258,4750903.040627153,0,407,0,154,123,269,4750903.040627153,0,0,1,0,0,1,0,0,672
4.534206158432317,0.0,1,374,160,105,46,223,0.0,1,0,1,1,1,0,1,1,1530
35.73545776431671,0.0,1,367,129,146,231,212,0.0,1,0,0,1,1,1,0,1,1100
64.91660715330106,4919925.584957802,2,806,165,0,46,108,4919925.584957802,1,0,1,0,1,1,0,1,1252
98.12294666597106,0.0,1,694,169,123,166,327,0.0,1,0,0,1,1,1,0,1,1028
56.7057128762461,2032041.881065165,3,290,134,109,150,242,2032041.881065165,1,0,0,0,0,0,0,1,1132
49.0211449427193,75681.75322990722,0,392,0,111,154,132,75681.75322990722,0,0,0,1,1,0,0,0,420
64.05570808456508,7193226.366924105,0,414,45,114,75,159,7193226.366924105,0,0,0,0,1,1,0,1,716
88.87783584721252,11174627.622224687,1,584,0,63,112,14,11174627.622224687,1,0,0,0,1,1,0,0,725
25.869154947121487,5451576.068171042,2,632,230,110,237,280,5451576.068171042,1,0,0,1,0,0,0,1,1578
100.0,0.0,2,135,0,156,125,355,0.0,1,0,1,1,0,0,1,0,1059
45.20426402492786,5734399.597550776,0,493,0,157,0,250,5734399.597550776,0,0,0,0,1,1,1,1,828
6.322552416025831,9207522.953891588,2,483,0,125,207,309,9207522.953891588,1,0,0,1,0,0,0,1,1270
27.388770654147628,0.0,3,565,0,0,40,410,0.0,1,0,0,0,0,0,0,0,729
21.262164815141958,5046165.11140481,3,278,84,148,85,376,5046165.11140481,1,0,0,1,0,0,0,1,1342
30.412940444646527,6207466.032380444,2,625,0,113,164,124,6207466.032380444,1,0,0,1,1,1,0,1,1193
67.56564598570603,0.0,2,165,50,79,41,165,0.0,1,0,0,0,1,1,0,1,697
65.96067296818359,113832.75630209244,2,296,111,114,66,192,113832.75630209244,1,0,1,0,0,0,0,1,851
46.477690989653915,0.0,0,674,0,117,88,200,0.0,0,0,0,0,1,1,0,0,405
38.79276909041094,5190055.770544146,4,845,0,86,163,181,5190055.770544146,1,0,0,0,1,0,0,1,1191
67.37184718084012,5934181.887987149,2,430,0,52,15,5,5934181.887987149,1,0,0,0,0,1,0,0,735
59.947998628371835,1897947.63603336,3,801,0,73,207,108,1897947.63603336,1,0,1,1,0,0,0,0,1109
100.0,0.0,2,940,0,77,214,264,0.0,1,0,1,1,1,0,0,0,900
71.6899080387297,0.0,0,747,99,14,144,359,0.0,0,0,0,0,0,0,0,1,376
50.578726411218284,0.0,0,495,117,91,191,109,0.0,0,0,1,0,1,0,0,1,730
80.98922704742093,2380046.891250001,3,538,136,64,0,176,2380046.891250001,1,0,0,0,1,1,0,1,1224
44.81559944319781,2741871.1563353967,3,485,149,108,68,164,2741871.1563353967,1,0,0,0,0,0,0,1,1152
19.85821317063635,5658500.124318668,1,433,104,63,121,140,5658500.124318668,1,0,0,0,0,0,0,1,1020
38.37534010190929,4505656.7755112015,0,157,0,136,80,412,4505656.7755112015,0,0,0,0,0,0,0,0,524
36.31777181865109,0.0,0,715,108,83,76,89,0.0,0,0,1,1,1,0,0,1,805
65.2899862700007,6955164.293552379,0,777,0,177,266,230,6955164.293552379,0,0,0,0,1,0,1,0,900
57.83553623838886,0.0,1,613,143,61,219,298,0.0,1,0,1,0,1,1,1,1,1275
50.60371708987122,2039239.2253486835,1,335,0,35,0,346,2039239.2253486835,1,0,0,0,0,0,0,1,442
81.97891159195478,3059166.840874945,1,740,0,93,212,238,3059166.840874945,1,0,0,0,1,0,0,0,644
30.099850294630947,2249701.215919394,1,926,133,30,102,5,2249701.215919394,1,0,1,1,0,0,1,1,1422
84.28491018668703,0.0,3,522,0,136,104,302,0.0,1,0,1,0,1,1,0,0,947
0.0,3511920.317936297,1,503,0,98,150,148,3511920.317936297,1,0,0,1,0,0,0,0,1130
88.35232685785664,3807350.6218161588,4,605,0,26,176,243,3807350.6218161588,1,0,0,0,0,1,0,1,1098
42.14164980726938,327860.7899574739,3,835,0,119,139,301,327860.7899574739,1,0,1,0,0,1,1,0,1219
8.874738655129828,8189840.416172029,1,808,0,36,160,216,8189840.416172029,1,0,1,0,1,1,0,0,1195
39.88920875955869,0.0,1,777,121,103,29,95,0.0,1,0,1,0,0,1,0,1,861
57.186431626076946,8790647.81790434,0,454,0,12,71,355,8790647.81790434,0,0,0,0,1,1,0,0,520
10.680626470868809,0.0,3,604,170,16,64,185,0.0,1,0,0,0,0,1,0,1,1377
32.60192252853528,4968515.702934734,3,434,0,122,48,269,4968515.702934734,1,0,0,0,1,0,1,0,1241
19.114264544126183,8919367.963911766,1,562,142,49,61,84,8919367.963911766,1,0,0,1,1,1,0,1,1316
74.44053311882207,0.0,1,225,44,121,62,210,0.0,1,0,1,0,1,0,0,1,649
51.78619808692982,5597393.324642533,1,484,104,45,256,157,5597393.324642533,1,0,0,0,0,0,0,1,822
50.01618087886636,0.0,2,560,37,98,91,313,0.0,1,0,0,1,1,1,0,1,847
65.19603174157753,0.0,2,330,100,117,123,240,0.0,1,0,0,0,1,1,1,1,1110
88.95003469326251,2825043.6637752643,0,67,0,145,97,326,2825043.6637752643,0,0,0,0,1,1,0,0,595
64.50331004834956,3786073.108254729,1,767,0,103,133,172,3786073.108254729,1,0,0,0,0,0,0,0,660
53.58370020217362,0.0,3,737,0,120,135,175,0.0,1,0,1,0,1,0,0,0,885
43.865710117264975,4818825.957223773,3,110,0,85,109,147,4818825.957223773,1,0,1,1,1,1,1,0,1548
31.60447000375181,0.0,1,95,0,97,183,186,0.0,1,0,0,1,0,0,0,0,715
68.11176726372598,4720809.745768497,0,621,83,62,92,69,4720809.745768497,0,0,0,0,1,1,0,1,687
59.768170443302665,0.0,0,595,0,119,133,192,0.0,0,0,0,1,0,0,0,0,372
100.0,3194773.5549515663,2,684,4,12,143,243,3194773.5549515663,1,0,1,0,0,1,1,1,1142
0.0,3234043.2521871137,0,838,87,162,174,183,3234043.2521871137,0,0,0,0,1,1,1,1,1472
40.170996880701175,0.0,1,660,0,49,132,195,0.0,1,0,0,0,0,0,0,0,486
67.01653716301618,5185025.208547508,0,427,49,117,85,293,5185025.208547508,0,0,0,1,0,1,0,1,716
70.09653470647223,4397157.021510164,1,414,57,92,130,17,4397157.021510164,1,0,1,1,1,0,0,1,977
21.13007697664748,0.0,0,116,0,18,193,420,0.0,0,0,0,1,0,1,0,1,704
26.738629109821808,4939968.535904196,2,369,105,0,40,124,4939968.535904196,1,0,1,0,0,0,0,1,1155
68.11751124450123,6234814.183735991,0,744,0,87,87,146,6234814.183735991,0,0,0,1,1,1,0,0,670
63.39921504966158,0.0,0,142,0,150,212,38,0.0,0,0,0,0,0,1,1,0,684
56.913796418828994,0.0,1,634,68,25,68,396,0.0,1,0,0,0,0,1,0,1,490
44.19192811977803,4151048.16481644,2,399,0,9,117,46,4151048.16481644,1,0,0,0,0,1,1,0,1140
95.78647876388835,6535018.1636345945,3,561,119,80,95,253,6535018.1636345945,1,0,0,0,1,0,0,1,1110
57.69198677731515,4368919.874207283,4,461,0,111,126,145,4368919.874207283,1,0,1,1,0,0,0,0,1243
20.617527853545365,4151031.366931675,1,492,23,114,73,211,4151031.366931675,1,0,1,1,1,0,0,1,1119
41.468724227580175,6776893.8607171085,0,482,0,90,88,105,6776893.8607171085,0,0,1,0,1,0,0,1,647
50.00955834395205,3885437.380770894,1,826,53,39,75,114,3885437.380770894,1,0,0,0,1,0,0,1,673
72.83513039220996,0.0,2,634,126,117,93,50,0.0,1,0,0,1,0,1,0,1,943
46.61130604312668,4165469.269355213,1,483,0,82,181,262,4165469.269355213,1,0,0,0,1,0,0,0,675
39.97938997287186,3447648.8702042256,0,618,0,121,78,205,3447648.8702042256,0,0,0,1,1,0,0,0,628
100.0,6221360.448424924,0,569,195,94,113,315,6221360.448424924,0,0,1,0,0,1,1,1,1286
73.85702747771546,7273299.412751092,2,332,134,95,121,186,7273299.412751092,1,0,1,1,1,0,0,1,1267
49.145326264688215,4701211.572795151,0,196,76,84,56,38,4701211.572795151,0,0,1,0,1,1,0,1,863
46.91697615537201,0.0,2,707,0,128,113,305,0.0,1,0,0,1,0,1,0,0,759
88.51157563199658,7718770.4464614885,1,226,138,125,257,247,7718770.4464614885,1,0,1,1,1,0,1,1,1502
48.346956508030374,4730372.948611203,1,486,0,112,22,188,4730372.948611203,1,0,0,0,1,0,0,0,600
69.42817947701211,5987074.588407533,3,830,0,127,0,185,5987074.588407533,1,0,1,0,0,0,0,1,923
0.0,2227021.1586175133,5,395,0,118,89,89,2227021.1586175133,1,0,0,0,1,1,0,1,1742
98.14071889643098,4236222.713081342,1,477,0,24,150,215,4236222.713081342,1,0,0,0,0,1,1,0,917
42.431129723645604,6629461.443243363,3,438,10,65,116,190,6629461.443243363,1,0,0,0,1,1,0,1,1131
41.56362613135135,4935638.86974197,1,551,28,188,49,222,4935638.86974197,1,0,1,1,0,0,0,1,882
83.66476551245317,7320165.024797226,1,772,190,104,129,146,7320165.024797226,1,0,1,1,1,0,1,1,1500
59.56481130738591,5379827.941840223,0,486,0,7,74,110,5379827.941840223,0,0,1,1,1,1,0,0,723
31.499819447653145,5046286.025131887,0,432,0,103,61,297,5046286.025131887,0,0,1,0,0,1,0,1,823
50.73439009555732,5398652.392210319,1,219,88,94,62,24,5398652.392210319,1,0,0,0,0,1,0,1,788
100.0,5340885.997442725,0,645,104,114,52,326,5340885.997442725,0,0,0,1,1,1,0,1,822
33.41855814176254,5918322.631957117,2,279,0,112,55,98,5918322.631957117,1,0,1,1,0,0,0,1,1024
100.0,5073207.313126158,2,737,0,169,97,99,5073207.313126158,1,0,0,0,1,0,0,0,738
52.74103277319956,6067252.849632951,5,209,0,149,164,220,6067252.849632951,1,0,1,0,0,0,0,0,1393
77.18416754274133,6668680.442314214,1,294,0,97,121,258,6668680.442314214,1,0,1,0,1,0,1,0,1044
37.06789577173012,4915464.003130414,1,462,0,95,82,149,4915464.003130414,1,0,0,0,0,0,0,0,711
69.3220562898487,9854746.768759368,1,519,0,78,176,47,9854746.768759368,1,0,0,0,0,0,1,0,882
67.4095753177865,2042652.8073794055,2,54,0,132,119,313,2042652.8073794055,1,0,1,1,1,0,1,0,1241
24.05311662714732,7550494.025843944,1,536,191,119,28,411,7550494.025843944,1,0,0,1,1,0,0,1,1234
88.17201882347172,7096813.264469942,2,365,76,101,134,181,7096813.264469942,1,0,1,0,0,1,0,1,1134
25.540482899964193,6625846.20177989,0,433,116,32,115,109,6625846.20177989,0,0,0,0,0,0,1,1,1109
26.04582466437224,1375410.4415030852,2,105,42,90,151,38,1375410.4415030852,1,0,0,0,0,0,0,1,1013
39.72336443751893,6337455.50180256,2,745,0,11,99,174,6337455.50180256,1,0,1,0,1,0,1,0,1221
48.90658039225887,6069015.096413424,2,591,0,58,139,54,6069015.096413424,1,0,0,0,1,1,0,0,920
97.20628760149154,4398968.639005736,3,320,0,89,55,163,4398968.639005736,1,0,1,1,0,1,0,1,1151
74.99481482077424,9796898.57117614,2,606,0,102,147,269,9796898.57117614,1,0,0,0,1,0,0,1,842
80.88700771468254,0.0,1,425,0,144,91,119,0.0,1,0,1,0,0,1,0,1,653
96.75152035642346,3641556.1255637994,1,933,155,94,34,235,3641556.1255637994,1,0,0,0,1,0,0,1,830
39.8851834571574,4736590.3081307765,2,492,146,168,116,34,4736590.3081307765,1,0,0,0,0,0,0,1,1164
89.0271936064156,0.0,2,511,0,88,192,243,0.0,1,0,1,0,0,0,0,0,717
68.29727367963932,4711024.317111141,2,380,121,34,159,239,4711024.317111141,1,0,1,1,0,0,0,1,1164
12.0436389200541,8771577.032971054,1,635,91,49,71,264,8771577.032971054,1,0,0,0,1,0,0,1,1025
65.24537867156984,3832394.4661600366,2,815,0,112,94,444,3832394.4661600366,1,0,1,0,0,1,1,1,1155
26.952340388246906,0.0,1,784,25,125,155,216,0.0,1,0,0,0,0,1,1,1,1044
50.02572002737894,6704399.026191037,3,526,24,98,105,248,6704399.026191037,1,0,1,0,0,1,0,1,1115
76.94733718568688,4672732.658285017,1,780,0,95,23,216,4672732.658285017,1,0,1,0,1,1,0,1,711
77.63159384143775,4658575.997486956,1,667,0,89,72,462,4658575.997486956,1,0,0,0,1,1,0,0,687
22.75538154176989,0.0,0,415,0,94,175,287,0.0,0,0,1,1,1,0,1,1,1040
56.186276249235156,4025958.273930988,2,507,63,96,33,169,4025958.273930988,1,0,0,0,1,0,0,1,853
100.0,0.0,3,740,89,93,137,231,0.0,1,0,1,0,1,1,0,1,1111
4.932042429791568,5059478.061912309,2,513,78,11,53,109,5059478.061912309,1,0,0,0,1,1,0,1,1323
16.754759105457605,5139775.991738817,1,734,0,56,70,337,5139775.991738817,1,0,1,0,1,0,1,0,1230
25.147903347552464,3489751.203102963,1,605,142,81,83,121,3489751.203102963,1,0,0,0,1,1,0,1,1165
63.656247443049416,0.0,0,533,0,1,85,102,0.0,0,0,1,1,0,1,0,0,472
4.775032501947485,0.0,0,698,0,17,102,256,0.0,0,0,0,1,0,0,0,0,630
60.75159839384524,0.0,4,476,0,152,153,282,0.0,1,0,1,0,1,0,0,0,1115
77.829365954099,3739109.61841364,1,249,136,102,76,141,3739109.61841364,1,0,1,1,0,0,0,1,1079
67.50040849224561,4345725.906723455,0,1008,0,22,29,99,4345725.906723455,0,0,0,0,1,0,1,0,640
79.29493108318668,4637051.595287863,4,715,82,60,136,146,4637051.595287863,1,0,1,0,0,0,0,1,1303
81.21927328399005,6155664.57727985,1,716,0,132,94,327,6155664.57727985,1,0,0,0,1,0,0,0,649
71.03393602138755,0.0,3,317,0,51,129,114,0.0,1,0,0,1,1,0,0,0,829
57.81968464115608,7635081.6380348,3,922,0,134,29,240,7635081.6380348,1,0,0,0,1,1,0,0,1023
60.57268743152944,5401570.340783317,1,164,58,124,106,191,5401570.340783317,1,0,1,1,1,0,0,1,1007
77.80125419029143,6534125.378979404,2,607,43,165,105,152,6534125.378979404,1,0,0,0,0,0,0,1,850
92.71121930062321,4129613.335604414,3,325,104,116,177,262,4129613.335604414,1,0,1,0,1,0,0,1,1350
77.11674201908004,3735097.2120982683,0,238,104,89,198,250,3735097.2120982683,0,0,0,1,1,1,0,1,1004
72.92474899795683,5022572.446320637,2,506,0,64,219,307,5022572.446320637,1,0,1,1,1,0,0,0,1054
37.1125506322485,2283979.8819169886,0,392,73,62,0,170,2283979.8819169886,0,0,0,0,1,0,0,1,607
0.0,0.0,2,247,125,120,140,99,0.0,1,0,0,0,0,0,1,1,1424
86.96851488532494,0.0,4,773,115,97,69,347,0.0,1,0,1,1,1,0,0,1,1325
52.07010502211184,3364836.8264446175,1,621,126,106,46,15,3364836.8264446175,1,0,0,1,0,1,1,1,1187
74.56592196755318,6579652.140835372,3,588,0,9,103,5,6579652.140835372,1,0,1,0,0,0,0,0,940
60.398190214174996,0.0,1,756,0,68,261,203,0.0,1,0,0,1,1,0,1,0,897
79.83772786507167,5339370.181715502,2,540,123,66,225,354,5339370.181715502,1,0,1,0,1,1,0,1,1344
56.93321505540377,4292418.537715373,2,517,0,58,171,269,4292418.537715373,1,0,0,1,0,1,0,0,979
77.2259690237809,7180488.56731613,1,352,197,51,137,271,7180488.56731613,1,0,1,0,0,0,0,1,1126
70.06756629031167,3807478.230910093,1,264,0,118,51,289,3807478.230910093,1,0,1,0,0,1,0,1,726
71.40792465671933,7418738.356669527,3,366,77,151,117,215,7418738.356669527,1,0,1,0,1,1,0,1,1354
83.50938282920386,0.0,1,176,0,81,91,140,0.0,1,0,0,1,1,0,0,0,507
48.35760812971353,0.0,0,415,0,94,0,150,0.0,0,0,0,1,1,1,1,0,629
42.56878404696508,0.0,1,560,0,87,64,209,0.0,1,0,0,0,1,0,0,0,451
33.77709935068334,4877686.794308882,2,350,162,63,102,5,4877686.794308882,1,0,0,0,0,0,1,1,1392
63.222702633162925,5648046.868444131,0,627,78,6,191,208,5648046.868444131,0,0,1,1,0,1,0,1,905
0.0,4042474.9618303305,2,987,109,58,123,401,4042474.9618303305,1,0,1,0,1,0,0,1,1527
26.32260215341409,6491347.04694717,2,514,0,72,144,371,6491347.04694717,1,0,1,1,1,1,0,0,1303
59.01642345202993,527147.5929896727,3,494,173,0,190,176,527147.5929896727,1,0,1,1,0,0,0,1,1231
53.37910045476921,5093363.468323923,2,634,175,97,134,202,5093363.468323923,1,0,0,0,1,0,0,1,1170
53.883399276423326,4514967.100947957,1,321,0,142,165,397,4514967.100947957,1,0,0,0,0,1,0,0,754
78.77760129347115,0.0,0,592,0,115,70,235,0.0,0,0,0,0,0,0,0,0,195
47.843704112430046,3648124.6703923456,2,764,104,72,0,55,3648124.6703923456,1,0,0,0,1,1,0,1,1065
32.394719614274415,4317202.693732782,0,494,0,64,169,5,4317202.693732782,0,0,0,1,1,0,0,0,767
61.84765301624079,1960464.2343799213,0,439,107,0,88,113,1960464.2343799213,0,0,0,0,1,0,0,1,654
80.45140830375428,0.0,2,701,0,25,169,355,0.0,1,0,1,0,1,1,0,1,808
79.87864784679218,0.0,2,647,0,46,135,255,0.0,1,0,1,1,0,0,0,0,776
69.02242810258929,5814794.355288741,1,241,0,37,170,222,5814794.355288741,1,0,0,0,1,1,1,0,998
15.575287547786749,9961301.835024286,0,400,0,53,234,147,9961301.835024286,0,0,0,0,0,0,0,1,846
37.510542279679164,4733368.3869637875,1,774,0,56,10,361,4733368.3869637875,1,0,0,0,1,1,0,0,759
65.05556148079673,2639981.8253052942,1,568,161,72,170,253,2639981.8253052942,1,0,0,0,1,1,1,1,1325
54.878160351501144,4372095.626168279,1,490,0,30,160,252,4372095.626168279,1,0,0,0,1,1,0,0,724
2.641395547126826,6927741.037998812,3,489,0,116,57,299,6927741.037998812,1,0,0,1,0,0,0,0,1320
18.354097105292297,4132976.3575929333,1,611,51,82,63,270,4132976.3575929333,1,0,0,0,1,0,0,1,956
41.86670922059618,7805809.56792438,2,431,90,15,40,65,7805809.56792438,1,0,1,1,1,1,0,1,1289
64.02724737446471,6355748.3727506725,0,514,0,107,91,213,6355748.3727506725,0,0,0,0,1,1,0,1,509
5.425002813584491,0.0,1,588,0,86,203,91,0.0,1,0,0,0,1,1,0,0,968
60.46645493911014,5307189.213471022,0,363,115,0,140,184,5307189.213471022,0,0,1,0,0,1,0,1,824
100.0,1642997.6229035251,0,509,89,81,105,316,1642997.6229035251,0,0,0,1,0,1,0,1,757
13.897577900866121,7888286.641425733,0,474,72,94,218,95,7888286.641425733,0,0,1,1,1,0,1,1,1480
59.771751027308895,6709614.07130272,2,340,17,17,90,219,6709614.07130272,1,0,0,0,1,1,0,1,902
49.224855658516006,4616748.168685164,3,273,0,79,86,218,4616748.168685164,1,0,1,0,0,0,0,0,979
92.26732272448777,0.0,1,470,0,166,147,277,0.0,1,0,0,0,1,0,0,1,551
68.90279474394514,6846066.874471459,2,610,81,117,153,179,6846066.874471459,1,0,0,0,1,1,1,1,1309
70.08456065524152,6988004.079012556,1,513,0,131,60,207,6988004.079012556,1,0,1,0,1,1,0,0,828
93.94001776645402,0.0,4,683,150,95,78,191,0.0,1,0,1,0,1,0,0,1,1304
63.81034414476932,5759220.112828961,2,332,0,157,150,260,5759220.112828961,1,0,1,1,1,1,1,1,1366
2.470172664548085,0.0,1,784,0,116,135,180,0.0,1,0,0,0,0,0,1,0,1084
39.59079640684648,3245288.5296902126,1,286,0,100,208,55,3245288.5296902126,1,0,0,0,0,0,0,0,750
31.360048294340622,0.0,0,661,92,100,132,39,0.0,0,0,0,0,1,0,0,1,687
0.0,4594063.313704229,1,608,118,104,106,71,4594063.313704229,1,0,1,0,0,0,0,1,1310
82.92988434789802,2067880.6592034618,3,363,8,120,186,280,2067880.6592034618,1,0,1,0,0,1,0,1,1192
30.527709993000823,3137669.4784460794,1,454,0,109,43,319,3137669.4784460794,1,0,1,0,0,0,0,0,858
16.33548315540756,0.0,1,801,116,63,236,226,0.0,1,0,1,1,0,0,0,1,1207
61.81298726912124,8464970.015391251,1,520,68,136,25,106,8464970.015391251,1,0,1,1,1,0,0,1,986
76.12452655590393,6487021.340669193,1,805,0,115,138,143,6487021.340669193,1,0,0,0,0,0,0,0,647
11.802336445794214,0.0,1,389,0,68,94,400,0.0,1,0,1,0,0,0,0,0,735
27.121312506934395,0.0,4,549,0,58,228,80,0.0,1,0,1,0,1,0,0,0,1262
43.253738661423036,5329913.75081805,0,726,91,96,114,280,5329913.75081805,0,0,0,0,1,1,0,1,837
89.86224290297748,0.0,0,455,151,169,121,16,0.0,0,0,0,1,0,0,1,1,917
35.69061832031787,3766926.1457434893,1,328,45,138,161,5,3766926.1457434893,1,0,0,0,1,1,0,1,992
75.1767543400637,583443.9602398147,3,586,130,114,100,217,583443.9602398147,1,0,0,0,0,0,0,1,929
6.87538113478486,0.0,1,765,42,34,146,300,0.0,1,0,1,0,1,0,1,1,1252
85.61153451999145,3994214.2824733355,0,533,0,118,128,359,3994214.2824733355,0,0,0,1,1,0,1,0,831
46.6989972722087,2020127.590719555,1,247,113,91,83,212,2020127.590719555,1,0,0,1,1,0,0,1,979
49.65230647043536,4844304.436911353,4,522,47,121,211,36,4844304.436911353,1,0,0,0,0,1,0,1,1345
1.5829563356302434,4230066.942383102,0,787,140,46,94,112,4230066.942383102,0,0,0,0,0,0,0,1,1050
55.47763412643009,3885740.2228031843,2,372,0,110,192,166,3885740.2228031843,1,0,1,0,0,0,0,0,899
43.440234282447044,7356051.366384576,3,766,0,174,134,363,7356051.366384576,1,0,0,0,0,1,0,1,1077
14.491013101565107,6996168.34520731,1,508,0,107,72,339,6996168.34520731,1,0,0,0,1,0,0,0,882
84.7186772706211,488958.0553366244,4,222,0,65,107,146,488958.0553366244,1,0,0,1,0,1,0,0,1049
56.755127966808075,0.0,0,103,73,34,122,168,0.0,0,0,1,1,1,0,0,1,648
87.38989433224833,2689983.005200195,2,10,0,185,222,284,2689983.005200195,1,0,1,1,1,0,0,0,1150
65.29475544821956,5201471.61624269,0,935,0,108,79,249,5201471.61624269,0,0,1,0,0,0,0,1,512
29.211703095587957,6153122.241017989,2,406,0,62,159,282,6153122.241017989,1,0,1,0,0,1,0,0,1096
53.30733896357537,7194150.612825256,1,210,140,92,147,69,7194150.612825256,1,0,0,1,1,0,1,1,1255
33.09340456253897,3000513.8967095856,3,907,0,78,151,287,3000513.8967095856,1,0,0,0,1,0,1,1,1384
60.78457819321574,5830759.24501198,2,509,0,15,55,325,5830759.24501198,1,0,0,1,1,1,0,1,897
93.04096198884162,6393861.269925515,0,16,158,83,121,49,6393861.269925515,0,0,1,1,1,1,0,1,1127
93.94598319514454,0.0,0,563,0,64,0,151,0.0,0,0,1,0,1,0,0,1,276
24.867227004134467,6995908.6442851,2,419,0,137,88,195,6995908.6442851,1,0,1,0,1,1,0,1,1215
39.509037639237484,0.0,5,505,0,90,28,266,0.0,1,0,0,1,0,0,1,0,1346
0.0,5082359.03389787,1,286,78,93,82,127,5082359.03389787,1,0,1,0,0,0,0,1,1225
37.73002462320208,1941144.559934621,3,665,124,121,167,21,1941144.559934621,1,0,1,0,1,1,1,1,1820
8.49598062632042,0.0,3,475,98,100,203,247,0.0,1,0,1,1,0,0,0,1,1500
62.6783471994238,1367466.9997320087,1,159,122,142,119,121,1367466.9997320087,1,0,0,0,0,0,0,1,887
46.1062751238592,7996789.9148377,4,672,0,95,181,256,7996789.9148377,1,0,0,1,1,1,0,0,1349
60.195938998541145,5910627.575660674,3,470,0,39,87,245,5910627.575660674,1,0,1,0,0,0,0,0,972
30.62562641725998,0.0,1,473,0,50,198,98,0.0,1,0,0,1,1,0,1,0,1040
12.98546594677916,6020133.186342131,3,658,0,82,0,14,6020133.186342131,1,0,1,0,0,0,0,0,1218
48.86339896934474,0.0,3,664,0,199,39,191,0.0,1,0,0,1,0,1,0,0,918
41.601016015804134,0.0,2,522,0,29,225,199,0.0,1,0,1,0,1,1,1,0,1196
100.0,0.0,2,388,104,80,121,469,0.0,1,0,1,0,1,1,0,1,1000
76.67125315203096,7110109.097885103,1,433,81,32,131,53,7110109.097885103,1,0,0,0,0,1,0,1,838
40.48314835335574,2989330.1882804967,0,692,93,95,209,83,2989330.1882804967,0,0,1,1,0,0,0,1,982
49.020322887790705,7373707.581009749,0,518,0,59,33,153,7373707.581009749,0,0,0,0,0,1,0,1,480
25.750413842074284,0.0,2,580,0,45,107,268,0.0,1,0,0,0,0,1,0,0,786
52.82529407520927,6480666.845112958,1,818,61,45,193,204,6480666.845112958,1,0,0,0,0,0,0,1,708
24.28244298647179,0.0,5,410,0,99,162,138,0.0,1,0,0,0,0,0,0,0,1232
0.0,3661714.4986653333,3,817,0,91,71,227,3661714.4986653333,1,0,1,1,1,0,0,0,1534
7.080424588362839,0.0,2,619,0,99,18,304,0.0,1,0,0,0,0,0,1,0,984
50.4396772961038,1964725.19042718,1,240,0,143,131,234,1964725.19042718,1,0,1,0,1,0,0,0,841
94.18950732889488,2159396.4398586107,1,694,157,80,104,261,2159396.4398586107,1,0,0,1,1,1,0,1,1107
22.767501483316796,0.0,0,291,0,60,245,96,0.0,0,0,1,1,0,0,0,1,758
63.5464247371852,0.0,1,553,0,59,121,235,0.0,1,0,1,0,1,1,1,1,939
59.1788007331351,0.0,4,759,123,1,171,161,0.0,1,0,0,0,1,1,1,1,1491
46.93200949347222,0.0,2,281,101,148,31,157,0.0,1,0,1,1,1,0,0,1,980
0.0,0.0,2,918,0,165,148,471,0.0,1,0,0,1,1,1,0,0,1173
87.36854936654643,5932795.498495225,1,421,51,78,61,276,5932795.498495225,1,0,1,0,1,0,0,1,856
18.234259734260167,637649.5246686451,1,183,12,165,193,295,637649.5246686451,1,0,1,0,1,1,0,1,1047
49.76552248728264,2600387.6519022197,2,675,55,50,90,221,2600387.6519022197,1,0,1,0,0,0,0,1,955
49.76996593855796,5324997.020498177,1,505,0,76,90,174,5324997.020498177,1,0,1,0,1,1,1,0,1102
100.0,5827252.755428671,2,698,118,30,109,127,5827252.755428671,1,0,1,1,1,1,0,1,1301
70.84448428769282,2706433.8027469013,1,193,95,88,70,318,2706433.8027469013,1,0,1,1,1,1,0,1,1119
22.694038813162678,7164168.3943060655,2,526,0,132,112,161,7164168.3943060655,1,0,1,1,1,1,0,0,1332
92.34939511758674,3385341.1941572,3,409,61,126,6,201,3385341.1941572,1,0,0,0,0,0,1,1,1169
66.88159580246237,3043851.4746728954,2,10,0,69,0,110,3043851.4746728954,1,0,1,0,0,0,0,1,741
48.42551953067858,5073810.677106028,1,704,0,72,29,203,5073810.677106028,1,0,0,0,0,1,0,0,625
3.7870184862711076,0.0,0,577,0,78,80,274,0.0,0,0,1,1,0,1,0,0,890
24.449215267362543,4598854.334216536,0,243,0,39,163,159,4598854.334216536,0,0,0,0,1,1,0,0,745
52.084343486632356,3272955.7339705736,1,168,190,47,105,78,3272955.7339705736,1,0,1,0,0,0,1,1,1319
100.0,0.0,5,633,43,54,222,333,0.0,1,0,1,0,0,1,0,1,1317
30.96436029698176,6290366.992961804,1,10,198,48,77,212,6290366.992961804,1,0,0,0,1,0,0,1,1166
78.7111049040867,4603524.120694875,1,470,150,177,117,209,4603524.120694875,1,0,0,0,0,0,0,1,927
71.6748730832881,4366684.470526713,1,398,227,83,191,134,4366684.470526713,1,0,0,0,0,0,0,1,1115
99.73221650080876,4869143.811155625,0,647,126,159,146,135,4869143.811155625,0,0,0,0,0,0,1,1,1012
99.65205025479482,3990369.2698026057,0,514,65,78,170,284,3990369.2698026057,0,0,0,0,0,0,0,1,654
61.29517042932281,0.0,4,267,70,50,153,99,0.0,1,0,1,0,0,0,1,1,1279
56.43736778726446,4363638.564946635,1,446,0,93,178,395,4363638.564946635,1,0,1,0,1,0,0,0,813
100.0,0.0,2,464,95,139,219,330,0.0,1,0,0,0,0,1,1,1,1200
87.45967261668915,4341117.790550331,2,227,76,120,161,219,4341117.790550331,1,0,0,0,0,0,1,1,1172
44.99100732953858,0.0,0,819,0,60,201,306,0.0,0,0,0,0,1,0,0,0,389
60.89295297983115,3396479.0979622034,1,486,0,83,119,111,3396479.0979622034,1,0,0,1,1,0,0,0,730
0.0,0.0,1,442,0,122,189,5,0.0,1,0,0,0,0,0,0,0,857
24.52929703753894,7930758.854997037,1,695,94,103,154,207,7930758.854997037,1,0,1,0,0,0,1,1,1394
8.705796767257803,4212282.865661572,1,438,0,116,40,37,4212282.865661572,1,0,0,1,0,1,1,0,1218
63.30850401924165,7112083.212917109,0,198,207,154,75,187,7112083.212917109,0,0,1,0,0,0,0,1,975
31.559366223877312,3453170.1467699683,3,629,0,24,153,260,3453170.1467699683,1,0,0,0,0,0,1,1,1320
60.80594408999649,1360522.7201756497,3,10,98,0,179,82,1360522.7201756497,1,0,0,1,1,1,0,1,1344
63.96152230457527,5086463.379289781,0,14,0,100,207,236,5086463.379289781,0,0,1,1,0,0,0,0,699
2.7077057657096004,0.0,0,149,111,99,126,274,0.0,0,0,0,0,1,1,0,1,1017
43.10853219664656,3670836.3681390667,1,429,0,46,166,289,3670836.3681390667,1,0,0,0,1,1,0,0,795
55.445764902399425,0.0,1,565,0,66,162,221,0.0,1,0,0,0,0,0,0,0,357
29.146920137704186,5636318.654819771,1,582,65,79,92,295,5636318.654819771,1,0,0,1,1,0,0,1,1057
66.28324021737686,0.0,2,681,0,52,168,265,0.0,1,0,0,1,1,0,0,0,721
51.68501769401354,7741925.520258587,1,19,0,162,0,212,7741925.520258587,1,0,0,1,1,1,0,0,776
8.16321460021774,5201351.006197868,1,542,0,73,208,293,5201351.006197868,1,0,0,1,1,1,0,1,1213
24.199925746330944,7367070.889537206,1,478,169,74,210,243,7367070.889537206,1,0,0,0,1,1,0,1,1323
0.0,0.0,1,761,0,34,141,135,0.0,1,0,0,0,0,0,0,0,787
63.401356978127474,2126696.415641508,1,610,0,106,240,95,2126696.415641508,1,0,0,0,0,1,0,1,764
29.58996466462803,4635319.2734327605,1,628,62,76,111,157,4635319.2734327605,1,0,0,0,1,0,0,1,948
0.0,8494118.289107028,1,360,194,127,164,186,8494118.289107028,1,0,0,0,0,0,0,1,1456
46.83425518021731,2604601.29824964,2,775,0,71,124,393,2604601.29824964,1,0,0,1,0,0,0,0,829
100.0,6728730.69277919,2,685,0,116,127,186,6728730.69277919,1,0,0,0,0,1,1,0,1080
72.2975631686915,4857218.728569676,2,151,0,130,106,135,4857218.728569676,1,0,1,1,1,0,0,0,1006
55.99946599591061,0.0,1,419,0,82,76,144,0.0,1,0,1,0,1,0,0,0,565
100.0,4927712.805558925,1,187,0,118,42,121,4927712.805558925,1,0,0,0,0,0,0,1,524
82.60276931079694,6342519.332154709,1,461,168,46,101,103,6342519.332154709,1,0,1,0,1,1,0,1,1132
29.24931022752747,0.0,1,379,0,162,193,85,0.0,1,0,1,0,0,1,1,0,1145
41.556104748519616,0.0,2,10,37,108,76,77,0.0,1,0,1,0,1,0,0,1,846
79.46772563611765,3134881.2231065887,1,871,148,66,74,294,3134881.2231065887,1,0,0,0,1,1,0,1,1005
29.936652836566324,6016552.8623801945,1,768,0,69,193,160,6016552.8623801945,1,0,1,0,0,1,0,1,1032
58.76107165192724,10497564.83182013,3,546,0,48,0,158,10497564.83182013,1,0,1,0,1,1,0,0,1062
36.47338665562376,0.0,1,251,0,118,89,44,0.0,1,0,1,1,1,0,1,0,1022
26.026642263180896,4031960.753607443,1,660,57,153,131,52,4031960.753607443,1,0,1,0,0,0,1,1,1328
79.8323084365289,0.0,3,449,0,107,140,151,0.0,1,0,0,0,0,1,0,0,778
83.66425201758572,5110256.410728112,3,399,0,98,181,111,5110256.410728112,1,0,1,0,0,0,0,0,1055
88.54939144286504,4688147.805034184,2,575,73,83,120,114,4688147.805034184,1,0,0,1,0,0,0,1,965
82.7308372757443,5500295.432070713,2,311,30,93,117,278,5500295.432070713,1,0,0,0,0,0,1,1,1054
47.88579278367633,0.0,2,397,123,82,82,368,0.0,1,0,0,1,1,1,0,1,1021
22.749762448760443,9722602.045575716,0,505,55,14,143,326,9722602.045575716,0,0,0,1,1,0,0,1,894
73.90807776975787,5684798.699991698,1,716,69,53,176,78,5684798.699991698,1,0,0,0,0,0,0,1,757
57.11014897635991,7870130.824004224,0,792,47,0,54,206,7870130.824004224,0,0,0,0,1,0,0,1,495
79.61962134877032,0.0,1,768,86,32,147,295,0.0,1,0,0,1,0,1,0,1,712
86.25319967408265,3451948.699274788,2,530,65,85,148,207,3451948.699274788,1,0,0,0,0,0,0,1,880
100.0,3829109.9581600637,0,367,0,54,188,362,3829109.9581600637,0,0,0,0,1,1,0,0,602
60.76761526617929,4622037.510974752,4,532,32,73,229,114,4622037.510974752,1,0,0,0,0,1,0,1,1265
39.98503776619451,3392938.0771458154,0,1050,170,68,219,112,3392938.0771458154,0,0,0,0,0,0,0,1,943
88.30847763993509,2734785.4189574923,1,755,130,96,199,250,2734785.4189574923,1,0,1,0,1,1,0,1,1142
29.63887603665166,4356046.019851641,2,660,98,141,85,225,4356046.019851641,1,0,0,0,0,1,1,1,1413
75.56045104725483,3203797.5904005156,1,817,0,110,182,201,3203797.5904005156,1,0,1,0,0,0,0,1,702
15.335118736137076,0.0,3,674,123,76,60,193,0.0,1,0,1,0,0,0,0,1,1285
44.41671455732111,4537926.128677203,0,684,175,34,88,285,4537926.128677203,0,0,0,0,0,0,0,1,800
5.604339709423285,5397287.1027748035,4,362,0,80,23,270,5397287.1027748035,1,0,1,0,0,0,0,0,1413
3.974571179383357,1532175.2060460509,2,567,0,114,32,119,1532175.2060460509,1,0,1,1,1,1,0,0,1407
60.07089746464226,4438261.508404683,3,799,0,48,122,151,4438261.508404683,1,0,0,1,0,1,0,1,1050
60.944863668264944,0.0,4,607,0,108,0,146,0.0,1,0,0,1,1,1,1,0,1232
38.53815537935845,2520631.128263976,2,508,0,166,169,215,2520631.128263976,1,0,1,0,0,0,0,1,991
29.919317112491154,5943618.198507468,0,719,0,101,69,378,5943618.198507468,0,0,1,1,0,0,0,0,764
50.187987197452216,2773553.887045879,0,606,0,148,174,271,2773553.887045879,0,0,1,0,1,1,0,1,733
54.66974893015223,4348204.764228252,2,934,0,46,98,178,4348204.764228252,1,0,0,0,0,1,0,1,839
100.0,5454934.535761396,2,551,100,70,40,78,5454934.535761396,1,0,1,0,0,1,0,1,1028
55.27934267016844,0.0,1,198,0,103,0,302,0.0,1,0,0,0,0,1,0,0,378
50.963463662969616,7175213.970397907,1,463,0,91,108,241,7175213.970397907,1,0,1,0,0,1,0,0,774
77.93035564607314,3031937.1654991074,2,604,89,76,197,201,3031937.1654991074,1,0,0,0,1,1,1,1,1382
84.93427541150018,5674388.845017124,2,375,0,159,175,245,5674388.845017124,1,0,0,1,1,0,0,1,1021
43.220379514661325,0.0,0,684,0,143,229,339,0.0,0,0,0,0,0,0,0,0,434
67.31616957583853,6440972.216508576,2,360,52,106,257,185,6440972.216508576,1,0,0,1,0,1,0,1,1143
43.535698515069804,6125958.363809712,2,570,0,80,71,174,6125958.363809712,1,0,1,0,0,1,1,0,1204
53.86769937649933,0.0,3,264,92,68,5,346,0.0,1,0,0,1,0,0,0,1,850
14.085002219293095,8345979.405689905,0,375,52,56,142,183,8345979.405689905,0,0,1,0,0,1,1,1,1296
94.34551806917007,0.0,1,153,59,62,33,204,0.0,1,0,1,0,1,0,1,1,837
91.39250191633047,2023483.5743539347,2,540,103,114,92,288,2023483.5743539347,1,0,0,0,0,0,0,1,992
82.60813700098096,6902769.967001541,0,186,0,123,46,190,6902769.967001541,0,0,1,1,0,1,0,0,667
100.0,4166200.7277612216,0,471,29,88,78,340,4166200.7277612216,0,0,0,0,1,0,0,1,555
58.27957548261619,0.0,2,917,87,39,81,287,0.0,1,0,1,0,0,0,0,1,786
58.34238786720581,3760294.7432856215,2,626,0,150,179,89,3760294.7432856215,1,0,0,1,0,0,0,0,919
22.71890982091335,8191959.470074531,2,541,123,98,28,377,8191959.470074531,1,0,1,0,0,0,0,1,1272
59.85165624659008,3049564.4127640002,1,548,151,44,132,128,3049564.4127640002,1,0,0,0,1,0,0,1,989
24.092048218045466,4013801.0780474124,0,578,0,81,94,5,4013801.0780474124,0,0,0,1,0,1,0,1,824
58.06168996348781,4955599.553129343,2,496,0,161,14,290,4955599.553129343,1,0,1,0,1,1,1,1,1219
81.53365243273996,3341682.1550291996,1,486,0,116,138,120,3341682.1550291996,1,0,0,0,1,1,0,0,733
1.6949060601969679,4967811.125687876,2,58,0,110,88,37,4967811.125687876,1,0,0,0,0,0,1,0,1369
68.61379407387008,4634394.896534674,2,474,0,234,191,376,4634394.896534674,1,0,1,0,1,0,0,0,1078
19.66888609862809,4047453.954465244,3,661,0,86,131,96,4047453.954465244,1,0,1,0,0,0,0,0,1243
90.84614608544334,5032413.198968103,1,442,0,100,182,214,5032413.198968103,1,0,1,0,1,1,0,0,883
86.52644065852147,0.0,1,599,101,131,121,59,0.0,1,0,0,0,1,1,0,1,739
8.841759483543312,5290207.587767259,2,712,122,99,192,259,5290207.587767259,1,0,1,0,0,0,0,1,1466
30.393485911825586,4720712.717516838,1,241,0,46,155,5,4720712.717516838,1,0,1,0,0,0,1,0,1127
26.09779330075643,6365305.0145851765,2,339,106,53,0,299,6365305.0145851765,1,1,0,0,0,1,0,1,1119
59.796890475891644,5767501.051196383,0,295,112,169,92,225,5767501.051196383,0,0,0,0,1,1,0,1,816
66.33837512552111,7352803.072827373,1,323,0,95,57,138,7352803.072827373,1,0,0,0,0,1,0,0,640
0.0,7706870.125815501,2,264,55,62,178,189,7706870.125815501,1,0,0,1,1,0,0,1,1392
40.53296922396433,6893097.055433566,1,601,0,131,140,106,6893097.055433566,1,0,1,1,1,1,0,0,1064
43.42824235926174,0.0,2,559,104,0,124,161,0.0,1,0,0,0,1,1,1,1,1098
33.8081960554469,5284809.733256265,0,722,133,41,172,171,5284809.733256265,0,0,0,1,0,1,0,1,1042
60.40347663782588,6393515.725428602,1,425,0,106,93,448,6393515.725428602,1,0,0,0,0,1,0,1,651
45.54138849705634,5361480.430656682,1,351,44,74,86,205,5361480.430656682,1,0,0,1,1,0,1,1,1093
73.7117483055801,8916263.230603551,1,597,80,17,81,162,8916263.230603551,1,0,0,1,0,1,0,1,824
44.315012708236125,0.0,2,724,0,86,81,435,0.0,1,0,0,0,0,1,0,0,601
55.48715478374761,0.0,3,380,106,179,161,240,0.0,1,0,0,0,1,0,1,1,1309
23.416620459570492,1760620.268966747,1,567,0,108,94,186,1760620.268966747,1,0,0,0,0,0,1,0,1007
64.65560415422026,5139663.216588572,4,720,0,25,151,48,5139663.216588572,1,0,1,1,0,1,0,0,1322
84.96660351478997,0.0,1,770,0,60,148,102,0.0,1,0,1,0,1,1,0,0,644
39.183529214839396,567302.0879481196,2,804,0,81,172,256,567302.0879481196,1,0,1,0,0,0,0,1,744
79.59542011412603,3235881.4559210325,1,697,148,91,174,161,3235881.4559210325,1,0,0,1,1,0,0,1,1092
57.38511291087715,7218198.930953437,3,479,66,48,0,159,7218198.930953437,1,0,0,0,0,1,0,1,1052
52.69388260969832,4908714.293332409,4,504,0,144,42,165,4908714.293332409,1,0,0,0,0,0,0,1,998
35.02975206710632,0.0,1,147,62,117,147,255,0.0,1,0,0,0,1,0,0,1,763
0.0,4701373.15625665,3,10,0,106,120,65,4701373.15625665,1,0,0,0,1,1,1,1,1691
100.0,7674852.507600852,2,428,70,93,174,128,7674852.507600852,1,0,0,0,0,1,0,1,1055
24.740704128136947,0.0,0,411,0,83,117,325,0.0,0,0,0,0,1,1,0,1,636
33.62821878091418,0.0,1,463,58,126,49,90,0.0,1,0,0,1,1,1,0,1,778
6.727760592919303,7420131.866351186,1,438,87,139,93,217,7420131.866351186,1,0,0,0,0,1,0,1,1207
58.51035349096558,0.0,2,732,180,91,167,200,0.0,1,0,0,0,0,0,0,1,947
22.30642447290411,4855141.860715434,0,708,132,94,49,277,4855141.860715434,0,0,1,0,0,1,0,1,1075
42.768373562181075,5547871.473862677,0,748,0,128,125,114,5547871.473862677,0,0,0,1,0,1,0,0,669
13.601241318382403,1957134.0381713852,1,606,183,70,125,216,1957134.0381713852,1,0,0,0,1,0,0,1,1272
80.86632325036832,0.0,2,622,0,105,184,275,0.0,1,0,0,0,0,1,1,0,946
69.39810192511294,5173389.142971068,3,648,108,127,189,305,5173389.142971068,1,0,1,0,0,0,0,1,1344
43.05745816385023,2792610.459691426,5,657,0,74,42,372,2792610.459691426,1,0,0,1,1,0,0,1,1370
16.472418721300276,8095281.547190542,1,882,78,64,196,344,8095281.547190542,1,0,1,0,1,1,0,1,1319
68.35305520845729,0.0,1,843,127,86,175,113,0.0,1,0,0,0,1,0,0,1,826
100.0,8387501.24842951,4,671,0,161,156,339,8387501.24842951,1,0,0,1,0,0,0,1,1221
44.42946511614063,1865906.8543879879,1,584,0,80,55,433,1865906.8543879879,1,0,0,0,1,1,0,1,703
24.30741281115892,4242031.851883617,1,661,137,76,152,432,4242031.851883617,1,0,0,0,1,0,1,1,1491
0.0,4278379.701643396,2,777,175,124,103,223,4278379.701643396,1,0,1,0,0,0,0,1,1583
64.37357383348316,4800386.577692139,4,649,121,107,162,273,4800386.577692139,1,0,0,0,1,0,0,1,1330
13.371482870033882,2992562.0059787068,0,366,100,127,70,150,2992562.0059787068,0,0,1,1,0,0,0,1,1115
95.25008294173186,8016846.257249817,2,354,0,88,55,56,8016846.257249817,1,0,1,0,0,0,0,0,811
3.726647494528188,0.0,2,487,0,82,130,196,0.0,1,0,0,1,1,0,0,0,1088
56.78947858695436,0.0,0,599,0,50,74,120,0.0,0,0,0,0,0,0,0,0,194
63.936881829952824,0.0,1,697,0,206,71,158,0.0,1,0,1,1,1,0,0,1,636
88.0784203359538,4296252.407426968,1,689,0,40,90,282,4296252.407426968,1,0,1,1,0,1,0,1,840
78.47370767138557,0.0,3,639,105,68,80,232,0.0,1,0,0,1,0,0,0,1,956
83.36980473170789,0.0,0,591,191,77,198,419,0.0,0,0,1,1,1,0,1,1,1224
24.242413231100425,8391031.638499713,2,572,117,122,146,110,8391031.638499713,1,0,1,0,0,0,0,1,1329
75.0790977281683,0.0,2,699,0,56,206,298,0.0,1,0,0,1,1,0,0,0,729
60.360705822035186,0.0,2,502,0,107,118,251,0.0,1,0,0,0,1,0,0,1,573
38.02916205350239,5800863.98771256,4,223,0,17,44,281,5800863.98771256,1,0,0,0,0,0,0,0,1046
62.00655172516019,0.0,1,780,121,125,188,433,0.0,1,0,0,1,1,0,1,1,1082
83.0952181638092,4935962.391025858,1,604,82,0,24,139,4935962.391025858,1,0,1,0,1,0,0,1,796
0.0,0.0,1,789,48,106,123,138,0.0,1,0,0,0,0,1,0,1,978
25.48713624079303,6176346.493890565,0,520,145,177,93,201,6176346.493890565,0,0,1,0,0,0,0,1,1115
94.58477711055596,5627767.544247948,1,117,0,121,97,99,5627767.544247948,1,0,0,1,1,0,0,0,804
31.57428745623522,1694130.8752540802,3,536,125,146,138,145,1694130.8752540802,1,0,1,0,1,1,0,1,1622
74.7624235474621,8929482.003298545,3,424,26,115,60,328,8929482.003298545,1,0,0,0,1,1,0,1,1033
14.188644372671675,6991567.02031498,3,339,0,9,149,167,6991567.02031498,1,0,0,0,1,1,0,0,1237
26.14474962758498,4847080.898321047,3,752,51,85,80,45,4847080.898321047,1,0,1,0,1,1,0,1,1389
66.39016566667344,5299744.39587055,2,619,83,109,189,185,5299744.39587055,1,0,1,1,1,0,0,1,1193
14.62480343791074,5020134.017045161,2,839,22,0,131,331,5020134.017045161,1,0,1,1,1,1,0,1,1336
39.24083327635611,9044425.125944171,1,605,0,78,233,454,9044425.125944171,1,0,1,0,1,0,0,0,956
7.19787307866784,4038208.582372753,3,385,100,115,168,334,4038208.582372753,1,0,1,0,1,0,1,1,1969
10.036131361072977,5796465.569384544,2,181,101,109,64,119,5796465.569384544,1,0,1,0,0,0,0,1,1307
8.367407569956892,7277397.893389296,0,557,116,81,153,347,7277397.893389296,0,0,0,0,0,0,0,1,1009
27.34898012268504,0.0,2,879,64,74,139,197,0.0,1,0,0,1,1,1,0,1,1102
59.834561474479514,0.0,3,96,0,150,39,112,0.0,1,0,1,1,1,0,1,0,1202
45.180054548758356,4087797.984377241,5,418,136,81,132,160,4087797.984377241,1,0,1,1,1,0,0,1,1741
34.56565707747013,0.0,0,677,105,53,69,177,0.0,0,0,0,0,1,0,0,1,551
35.404061873223746,0.0,1,706,0,84,47,272,0.0,1,0,0,0,0,0,1,0,671
58.594958278680075,3599370.2004784695,1,439,0,110,187,128,3599370.2004784695,1,0,1,1,1,1,0,1,1045
72.76517169079487,5111479.546652736,0,632,0,0,212,5,5111479.546652736,0,0,1,0,1,1,0,0,697
73.77185118247203,6989036.232056954,0,376,0,72,166,66,6989036.232056954,0,0,1,0,1,1,0,0,755
36.364130828277766,4537248.085019922,2,495,198,98,125,284,4537248.085019922,1,0,0,0,0,1,0,1,1260
0.0,2692681.2971468624,2,481,174,115,182,236,2692681.2971468624,1,0,0,1,1,0,0,1,1680
58.02462226201528,3605937.061270277,5,556,81,31,224,247,3605937.061270277,1,0,0,0,1,0,0,1,1430
70.85807681266242,0.0,2,259,0,42,213,227,0.0,1,0,0,1,0,0,0,0,713
77.75492878653837,5561149.931917238,4,383,64,98,176,302,5561149.931917238,1,0,1,0,1,0,0,1,1421
17.090429237339087,0.0,0,330,114,121,84,274,0.0,0,0,1,0,0,0,0,1,830
100.0,3350035.716656728,5,462,0,71,46,175,3350035.716656728,1,0,0,0,0,1,0,1,1207
67.87315989832108,5584968.375884592,0,427,0,128,15,297,5584968.375884592,0,0,0,1,1,0,0,1,483
71.61831646036799,429831.01066129946,1,202,0,84,110,162,429831.01066129946,1,0,0,1,1,1,0,0,623
84.95471371683564,0.0,1,815,135,62,170,298,0.0,1,0,1,1,1,0,0,1,980
